,json_file,title,date,url,source,feature,edge_label,event_summary,triplet_semantic,quote_similarity,quote_best_match,judge_verdict,judge_reasoning,triplet_date,subject,predicate,object,parse_ok,new_subject,new_predicate,new_object,new_triplet,normalized_direction,normalized_triplet,refined_subject,refined_triplet,attribute
0,llm_response_0006_Hellenic_Shipping_News_20230620.json,Commodity Tracker: 5 charts to watch this week,2023-06-20,https://www.hellenicshippingnews.com/commodity-tracker-5-charts-to-watch-this-week-77/,Hellenic Shipping News,balance_of_trade,increases imports,SPM increases imports,"2023-06-20, The difference between country-wide imports and exports. -> increases imports -> SPM increases imports",1.0,"With the new facility set to bolster logistical capacity and efficiency, Bangladesh is poised to increase Middle Eastern crude imports and diesel trades.",CONFIRMED,"The exact sentence appears in the article stating that the new SPM facility will bolster logistical capacity and that Bangladesh is 'poised to increase Middle Eastern crude imports and diesel trades,' explicitly linking the SPM to increased imports at the country level.",2023-06-20,The difference between country-wide imports and exports.,increases imports,SPM increases imports,True,Single Point Mooring,increases imports,Middle Eastern crude imports,(Single Point Mooring) ── increases imports ──> (Middle Eastern crude imports),deteriorate,(Single Point Mooring) ── deteriorate ──> (balance_of_trade),New Single Point Mooring Facility,(New Single Point Mooring Facility) ── deteriorate ──> (balance_of_trade),"""New Single Point Mooring Facility: Infrastructure"""
1,llm_response_0039_La_Prensa_Latina_Media_20230131.json,IMF approves $4.7 billion loan package for Bangladesh,2023-01-31,https://www.laprensalatina.com/imf-approves-4-7-billion-loan-package-for-bangladesh/,La Prensa Latina Media,currency_log_return,causes depreciation,Russia's war in Ukraine,"2023-01-31, Volatility in the exchange rate (e.g., USD to BDT) affecting import costs. -> causes depreciation -> Russia's war in Ukraine",1.0,"It has led to a sharp widening of Bangladesh's current account deficit, depreciation of the taka, and a decline in foreign exchange reserves.",CONFIRMED,"The article explicitly states 'It has led to ... depreciation of the taka,' immediately after citing Russia's war in Ukraine, which directly asserts a causal link at the country level (Bangladesh's currency).",2023-01-31,"Volatility in the exchange rate (e.g., USD to BDT) affecting import costs.",causes depreciation,Russia's war in Ukraine,True,Russia's War in Ukraine,causes depreciation,Bangladeshi Taka,(Russia's War in Ukraine) ── causes depreciation ──> (Bangladeshi Taka),depreciate,(Russia's War in Ukraine) ── depreciate ──> (currency_log_return),Russian invasion of Ukraine,(Russian invasion of Ukraine) ── depreciate ──> (currency_log_return),"""Russian invasion of Ukraine: Global Shock"""
2,llm_response_0056_Myanmar_NewsNet_20230516.json,Bangladesh government should think twice before trading in Chinese currency: Report,2023-05-16,https://www.myanmarnews.net/news/273832902/bangladesh-government-should-think-twice-before-trading-in-chinese-currency-report,Myanmar News.Net,currency_log_return,drives depreciation,Taka depreciation since invasion,"2023-05-16, Volatility in the exchange rate (e.g., USD to BDT) affecting import costs. -> drives depreciation -> Taka depreciation since invasion",1.0,"Taka, the Bangladeshi currency, has lost nearly 25 per cent of its value against the dollar since Russia invaded Ukraine earlier this year, rocking global energy and commodities markets.",CONFIRMED,"The exact sentence appears in the article linking the Taka's ~25% loss 'since Russia invaded Ukraine,' adding that the invasion rocked global energy and commodities markets; this explicitly ties the invasion (and its market effects) to the currency depreciation at the country level.",2023-05-16,"Volatility in the exchange rate (e.g., USD to BDT) affecting import costs.",drives depreciation,Taka depreciation since invasion,True,Russian invasion of Ukraine,drives depreciation,Bangladeshi Taka,(Russian invasion of Ukraine) ── drives depreciation ──> (Bangladeshi Taka),depreciate,(Russian invasion of Ukraine) ── depreciate ──> (currency_log_return),Russia's invasion of Ukraine,(Russia's invasion of Ukraine) ── depreciate ──> (currency_log_return),"""Russia's invasion of Ukraine: Global Shock"""
3,llm_response_0056_Myanmar_NewsNet_20230516.json,Bangladesh government should think twice before trading in Chinese currency: Report,2023-05-16,https://www.myanmarnews.net/news/273832902/bangladesh-government-should-think-twice-before-trading-in-chinese-currency-report,Myanmar News.Net,balance_of_trade,reduces export revenue,Yuan use lowers exports,"2023-05-16, The difference between country-wide imports and exports. -> reduces export revenue -> Yuan use lowers exports",1.0,Moving to the Yuan for international trade will hurt Bangladesh's remittances from abroad and lower export revenue as well.,CONFIRMED,"The article contains the exact sentence asserting that moving to the Yuan 'will ... lower export revenue,' which explicitly states a causal effect of Yuan use on national export revenue; the discussion is at the country level, matching the balance-of-trade scope.",2023-05-16,The difference between country-wide imports and exports.,reduces export revenue,Yuan use lowers exports,True,Moving to the Yuan,reduces export revenue,Bangladesh's Export Revenue,(Moving to the Yuan) ── reduces export revenue ──> (Bangladesh's Export Revenue),deteriorate,(Moving to the Yuan) ── deteriorate ──> (balance_of_trade),Adoption of the Yuan,(Adoption of the Yuan) ── deteriorate ──> (balance_of_trade),"""Adoption of the Yuan: Currency Movement"""
4,llm_response_0072_eNCAnews_20230607.json,"Bangladesh shuts schools, cuts power in longest heatwave in decades",2023-06-07,https://www.enca.com/life/bangladesh-shuts-schools-cuts-power-longest-heatwave-decades,eNCAnews,currency_log_return,drives up import costs,taka depreciation increased costs,"2023-06-07, Volatility in the exchange rate (e.g., USD to BDT) affecting import costs. -> drives up import costs -> taka depreciation increased costs",1.0,"The Bangladeshi taka depreciated about 25 percent against the US dollar last year, driving up the cost of fuel imports and power utilities.",CONFIRMED,"The article contains the sentence 'The Bangladeshi taka depreciated about 25 percent against the US dollar last year, driving up the cost of fuel imports and power utilities,' which explicitly states a causal link and refers to the national currency (country-level).",2023-06-07,"Volatility in the exchange rate (e.g., USD to BDT) affecting import costs.",drives up import costs,taka depreciation increased costs,True,Bangladeshi Taka Depreciation,drives up import costs,Fuel Imports,(Bangladeshi Taka Depreciation) ── drives up import costs ──> (Fuel Imports),depreciate,(Bangladeshi Taka Depreciation) ── depreciate ──> (currency_log_return),25 Percent Taka Depreciation,(25 Percent Taka Depreciation) ── depreciate ──> (currency_log_return),"""25 Percent Taka Depreciation: Currency Movement"""
5,llm_response_0096_Bangladesh_Sangbad_Sangstha_BSS_20230601.json,Govt aims to sustain economic recovery: Kamal  | National Budget 2023-2024,2023-06-01,https://www.bssnews.net/national-budget-2023-2024/128488,Bangladesh Sangbad Sangstha (BSS),currency_log_return,impacts exchange rates,Russia-Ukraine war impact,"2023-06-01, Volatility in the exchange rate (e.g., USD to BDT) affecting import costs. -> impacts exchange rates -> Russia-Ukraine war impact",1.0,the increase in import costs due to post-war global inflation and the depreciation of the country's foreign exchange rate,CONFIRMED,"The article contains the line stating that the increase in import costs was due to post-war global inflation and 'the depreciation of the country's foreign exchange rate,' which explicitly attributes higher import costs to FX depreciation and refers to the country's exchange rate (national scope).",2023-06-01,"Volatility in the exchange rate (e.g., USD to BDT) affecting import costs.",impacts exchange rates,Russia-Ukraine war impact,True,Russia-Ukraine War,impacts exchange rates,Exchange Rates,(Russia-Ukraine War) ── impacts exchange rates ──> (Exchange Rates),stable,(Russia-Ukraine War) ── stable ──> (currency_log_return),Bangladesh Exchange Rate Depreciation,(Bangladesh Exchange Rate Depreciation) ── stable ──> (currency_log_return),"""Bangladesh Exchange Rate Depreciation: Currency Movement"""
6,llm_response_0096_Bangladesh_Sangbad_Sangstha_BSS_20230601.json,Govt aims to sustain economic recovery: Kamal  | National Budget 2023-2024,2023-06-01,https://www.bssnews.net/national-budget-2023-2024/128488,Bangladesh Sangbad Sangstha (BSS),currency_log_return,raises import costs,FX rate depreciation,"2023-06-01, Volatility in the exchange rate (e.g., USD to BDT) affecting import costs. -> raises import costs -> FX rate depreciation",1.0,the increase in import costs due to post-war global inflation and the depreciation of the country's foreign exchange rate,CONFIRMED,"The article contains the line stating that the increase in import costs was due to post-war global inflation and 'the depreciation of the country's foreign exchange rate,' which explicitly attributes higher import costs to FX depreciation and refers to the country's exchange rate (national scope).",2023-06-01,"Volatility in the exchange rate (e.g., USD to BDT) affecting import costs.",raises import costs,FX rate depreciation,True,Russia-Ukraine War,impacts exchange rates,Exchange Rates,(Russia-Ukraine War) ── impacts exchange rates ──> (Exchange Rates),depreciate,(Russia-Ukraine War) ── depreciate ──> (currency_log_return),Bangladesh Foreign Exchange Rate Depreciation,(Bangladesh Foreign Exchange Rate Depreciation) ── depreciate ──> (currency_log_return),"""Post-war global inflation: Global Shock"", ""Foreign exchange rate depreciation: Currency Movement"""
7,llm_response_0104_Bangladesh_Sangbad_Sangstha_BSS_20230602.json,No possibility of inflation from govt. borrowings: BB Governor | National Budget 2023-2024,2023-06-02,https://www.bssnews.net/national-budget-2023-2024/128791,Bangladesh Sangbad Sangstha (BSS),stock_market_close,supports stock market,policy support extended,"2023-06-02, The performance of the equity market (e.g., DSE Index), proxy for investor confidence. -> supports stock market -> policy support extended",1.0,"Asked about the measures for improving the stock market, the Governor said that some 3 to 4 major policy issues were solved over the last one year",CONFIRMED,"The article contains the quoted line about measures for improving the stock market and states the central bank 'has extended necessary policy support in this regard,' which explicitly links the policy support as a measure aimed at improving the (national) stock market.",2023-06-02,"The performance of the equity market (e.g., DSE Index), proxy for investor confidence.",supports stock market,policy support extended,True,Major Policy Issues Solved,supports stock market,Stock Market,(Major Policy Issues Solved) ── supports stock market ──> (Stock Market),rise,(Major Policy Issues Solved) ── rise ──> (stock_market_close),Central Bank Policy Support,(Central Bank Policy Support) ── rise ──> (stock_market_close),"""Central Bank Policy Support: Monetary Policy"""
8,llm_response_0108_ANN_20230420.json,Is renewable deployment suffering from fossil fuel lock-in?,2023-04-20,https://asianews.network/is-renewable-deployment-suffering-from-fossil-fuel-lock-in/,ANN,currency_log_return,reduces ability to pay for imports,US dollar crisis limits imports,"2023-04-20, Volatility in the exchange rate (e.g., USD to BDT) affecting import costs. -> reduces ability to pay for imports -> US dollar crisis limits imports",1.0,whether Bangladesh will be able to pay for the imported energy to fulfil its demand amid the US dollar crisis,CONFIRMED,"The article contains the sentence: '...whether Bangladesh will be able to pay for the imported energy to fulfil its demand amid the US dollar crisis...,' which explicitly links a national US dollar crisis to reduced ability to pay for imported energy at the country level.",2023-04-20,"Volatility in the exchange rate (e.g., USD to BDT) affecting import costs.",reduces ability to pay for imports,US dollar crisis limits imports,True,US Dollar Crisis,reduces ability to pay for imports,Imported Energy,(US Dollar Crisis) ── reduces ability to pay for imports ──> (Imported Energy),depreciate,(US Dollar Crisis) ── depreciate ──> (currency_log_return),Bangladesh Foreign Exchange Crisis,(Bangladesh Foreign Exchange Crisis) ── depreciate ──> (currency_log_return),"""Bangladesh Foreign Exchange Crisis: Monetary Policy"""
9,llm_response_0136_Bangladesh_Sangbad_Sangstha_BSS_20230522.json,US hails Bangladesh for lifting fumigation requirements on cotton imports | Business,2023-05-22,https://www.bssnews.net/business/126830,Bangladesh Sangbad Sangstha (BSS),balance_of_trade,increases foreign exchange earnings,Access to US cotton,"2023-05-22, The difference between country-wide imports and exports. -> increases foreign exchange earnings -> Access to US cotton",0.995,"Bangladesh needs high-quality US cotton to fuel its growth and increase foreign exchange earnings,",CONFIRMED,"The exact sentence appears in the article. The ambassador explicitly links US cotton to 'fuel its growth and increase foreign exchange earnings,' asserting a cause-effect relationship, and this refers to Bangladesh's national-level foreign exchange earnings.",2023-05-22,The difference between country-wide imports and exports.,increases foreign exchange earnings,Access to US cotton,True,Access to US Cotton,increases foreign exchange earnings,Foreign Exchange Earnings,(Access to US Cotton) ── increases foreign exchange earnings ──> (Foreign Exchange Earnings),improve,(Access to US Cotton) ── improve ──> (balance_of_trade),High Quality U.S. Cotton Imports,(High Quality U.S. Cotton Imports) ── improve ──> (balance_of_trade),"""High Quality U.S. Cotton Imports: Market Dynamics"""
10,llm_response_0149_Bangladesh_Sangbad_Sangstha_BSS_20230607.json,FBCCI president urges govt to extend support to import-substitute industries | Business,2023-06-07,https://www.bssnews.net/business/129745,Bangladesh Sangbad Sangstha (BSS),currency_log_return,lessens exchange pressure,Support import-substitute industries,"2023-06-07, Volatility in the exchange rate (e.g., USD to BDT) affecting import costs. -> lessens exchange pressure -> Support import-substitute industries",0.995,"the Bangladesh Bank's move only to cut imports is not a solution to reduce stress on the dollar,""",CONFIRMED,"The exact quote appears in the article. The sentence explicitly links the Bangladesh Bank's move to cut imports with the intended effect of reducing 'stress on the dollar' (stating it is not a solution), and the discussion is at the national/country level, matching the exchange-rate feature.",2023-06-07,"Volatility in the exchange rate (e.g., USD to BDT) affecting import costs.",lessens exchange pressure,Support import-substitute industries,True,Policy Support for Import-Substitute Industries,lessens exchange pressure,Import Pressure on Foreign Exchange,(Policy Support for Import-Substitute Industries) ── lessens exchange pressure ──> (Import Pressure on Foreign Exchange),appreciate,(Policy Support for Import-Substitute Industries) ── appreciate ──> (currency_log_return),Bangladesh Bank Import Restrictions,(Bangladesh Bank Import Restrictions) ── appreciate ──> (currency_log_return),"""Bangladesh Bank: Monetary Policy"", ""Import Restrictions: Trade Policy"""
11,llm_response_0149_Bangladesh_Sangbad_Sangstha_BSS_20230607.json,FBCCI president urges govt to extend support to import-substitute industries | Business,2023-06-07,https://www.bssnews.net/business/129745,Bangladesh Sangbad Sangstha (BSS),currency_log_return,aims to reduce dollar stress,Bangladesh Bank import-cut,"2023-06-07, Volatility in the exchange rate (e.g., USD to BDT) affecting import costs. -> aims to reduce dollar stress -> Bangladesh Bank import-cut",0.995,"the Bangladesh Bank's move only to cut imports is not a solution to reduce stress on the dollar,""",CONFIRMED,"The exact quote appears in the article. The sentence explicitly links the Bangladesh Bank's move to cut imports with the intended effect of reducing 'stress on the dollar' (stating it is not a solution), and the discussion is at the national/country level, matching the exchange-rate feature.",2023-06-07,"Volatility in the exchange rate (e.g., USD to BDT) affecting import costs.",aims to reduce dollar stress,Bangladesh Bank import-cut,True,Policy Support for Import-Substitute Industries,lessens exchange pressure,Import Pressure on Foreign Exchange,(Policy Support for Import-Substitute Industries) ── lessens exchange pressure ──> (Import Pressure on Foreign Exchange),appreciate,(Policy Support for Import-Substitute Industries) ── appreciate ──> (currency_log_return),Bangladesh Bank Import Cut,(Bangladesh Bank Import Cut) ── appreciate ──> (currency_log_return),"""Bangladesh Bank Import Cut: Monetary Policy"""
12,llm_response_0153_Prothomalo_20230604.json,"Global prices fall, no  impact on local market woes",2023-06-04,https://en.prothomalo.com/business/local/1q4bvruzz4,Prothomalo,currency_log_return,fuels inflation,dollar appreciation spike,"2023-06-04, Volatility in the exchange rate (e.g., USD to BDT) affecting import costs. -> fuels inflation -> dollar appreciation spike",0.993,"Inflation in the country is now caused by the appreciation of the dollar,",CONFIRMED,"The article contains the sentence 'Inflation in the country is now caused by the appreciation of the dollar...' which explicitly states a cause-and-effect link and refers to nationwide inflation, matching the country-level scope of the claimed currency appreciation event.",2023-06-04,"Volatility in the exchange rate (e.g., USD to BDT) affecting import costs.",fuels inflation,dollar appreciation spike,True,Appreciation of the Dollar,fuels inflation,Inflation in the Country,(Appreciation of the Dollar) ── fuels inflation ──> (Inflation in the Country),appreciate,(Appreciation of the Dollar) ── appreciate ──> (currency_log_return),Dollar Appreciation Spike,(Dollar Appreciation Spike) ── appreciate ──> (currency_log_return),"""Dollar Appreciation Spike: Currency Movement"""
13,llm_response_0165_ANN_20230614.json,Power crisis: Perils of pursuing the old dangerous path,2023-06-14,https://asianews.network/power-crisis-perils-of-pursuing-the-old-dangerous-path/,ANN,currency_log_return,hinders fuel imports,Dollar crunch hinders imports,"2023-06-14, Volatility in the exchange rate (e.g., USD to BDT) affecting import costs. -> hinders fuel imports -> Dollar crunch hinders imports",1.0,energy and power sectors becoming a huge burden on the economy and aggravating the dollar crisis.,CONFIRMED,"The exact sentence appears in the article stating that the energy and power sectors are 'aggravating the dollar crisis,' which explicitly asserts a cause-and-effect relationship at the national (Bangladesh) level regarding the currency/dollar situation.",2023-06-14,"Volatility in the exchange rate (e.g., USD to BDT) affecting import costs.",hinders fuel imports,Dollar crunch hinders imports,True,Energy and Power Sectors,aggravates dollar crisis,Dollar Crisis,(Energy and Power Sectors) ── aggravates dollar crisis ──> (Dollar Crisis),depreciate,(Energy and Power Sectors) ── depreciate ──> (currency_log_return),High Energy and Power Costs,(High Energy and Power Costs) ── depreciate ──> (currency_log_return),"""High Energy Costs: Market Dynamics"", ""High Power Costs: Market Dynamics"""
14,llm_response_0165_ANN_20230614.json,Power crisis: Perils of pursuing the old dangerous path,2023-06-14,https://asianews.network/power-crisis-perils-of-pursuing-the-old-dangerous-path/,ANN,currency_log_return,aggravates dollar crisis,Energy sector aggravates dollar,"2023-06-14, Volatility in the exchange rate (e.g., USD to BDT) affecting import costs. -> aggravates dollar crisis -> Energy sector aggravates dollar",1.0,energy and power sectors becoming a huge burden on the economy and aggravating the dollar crisis.,CONFIRMED,"The exact sentence appears in the article stating that the energy and power sectors are 'aggravating the dollar crisis,' which explicitly asserts a cause-and-effect relationship at the national (Bangladesh) level regarding the currency/dollar situation.",2023-06-14,"Volatility in the exchange rate (e.g., USD to BDT) affecting import costs.",aggravates dollar crisis,Energy sector aggravates dollar,True,Energy and Power Sectors,aggravates dollar crisis,Dollar Crisis,(Energy and Power Sectors) ── aggravates dollar crisis ──> (Dollar Crisis),depreciate,(Energy and Power Sectors) ── depreciate ──> (currency_log_return),Energy and Power Sector Burden,(Energy and Power Sector Burden) ── depreciate ──> (currency_log_return),"""Energy Sector Burden: Infrastructure"", ""Power Sector Burden: Infrastructure"""
15,llm_response_0251_Bangladesh_Sangbad_Sangstha_BSS_20230112.json,ICCB for taking steps to tackle recessionary risks of Bangladesh | Business,2023-01-12,https://www.bssnews.net/business/104885,Bangladesh Sangbad Sangstha (BSS),currency_log_return,forces currency devaluation,capital outflows devalue currency,"2023-01-12, Volatility in the exchange rate (e.g., USD to BDT) affecting import costs. -> forces currency devaluation -> capital outflows devalue currency",0.995,"will spur capital outflows from the developing countries forcing them to devalue their currencies,",CONFIRMED,"The article contains the sentence 'will spur capital outflows from the developing countries forcing them to devalue their currencies,' which explicitly states a causal link from capital outflows to currency devaluation and refers to country-level exchange-rate movements.",2023-01-12,"Volatility in the exchange rate (e.g., USD to BDT) affecting import costs.",forces currency devaluation,capital outflows devalue currency,True,Capital Outflows from Developing Countries,forces currency devaluation,Developing Countries' Currencies,(Capital Outflows from Developing Countries) ── forces currency devaluation ──> (Developing Countries' Currencies),depreciate,(Capital Outflows from Developing Countries) ── depreciate ──> (currency_log_return),Capital Flight from Developing Countries,(Capital Flight from Developing Countries) ── depreciate ──> (currency_log_return),"""Capital Flight from Developing Countries: Market Dynamics"""
16,llm_response_0270_Bangladesh_Sangbad_Sangstha_BSS_20230208.json,Farmers urged to boost mustard yield to meet country's demand | Agriculture News,2023-02-08,https://www.bssnews.net/agriculture-news/109558,Bangladesh Sangbad Sangstha (BSS),balance_of_trade,reduces import pressure,boost domestic oilseed production,"2023-02-08, The difference between country-wide imports and exports. -> reduces import pressure -> boost domestic oilseed production",0.987,"there is no way but to boost domestic production to cut the import pressure,""",CONFIRMED,"The exact line '...there is no way but to boost domestic production to cut the import pressure' appears in the article, which explicitly states the causal link. The article uses country-level import figures (Taka 30,000 crore annually; national production vs demand), so the scope matches a national balance-of-trade implication.",2023-02-08,The difference between country-wide imports and exports.,reduces import pressure,boost domestic oilseed production,True,Boosting Domestic Oilseed Production,reduces import pressure,Import Pressure,(Boosting Domestic Oilseed Production) ── reduces import pressure ──> (Import Pressure),improve,(Boosting Domestic Oilseed Production) ── improve ──> (balance_of_trade),Increased Domestic Oilseed Production,(Increased Domestic Oilseed Production) ── improve ──> (balance_of_trade),"""Increased Domestic Oilseed Production: Industry Activity"""
17,llm_response_0280_Forever_NEWS_20230215.json,Indo-Bangla joint venture Rampal plant to resume power production from Wednesday - Forever NEWS,2023-02-15,https://www.forevernews.in/politics/indo-bangla-joint-venture-rampal-plant-to-resume-power-production-from-wednesday-750189,Forever NEWS,currency_log_return,blocks import financing,dollar crisis blocks imports,"2023-02-15, Volatility in the exchange rate (e.g., USD to BDT) affecting import costs. -> blocks import financing -> dollar crisis blocks imports",1.0,The authorities of the power plant were unable to open any letter of credit (LC) to import coal due to the dollar crisis.,CONFIRMED,"The article contains the exact line stating the plant ""were unable to open any letter of credit (LC) to import coal due to the dollar crisis,"" which explicitly asserts a cause (dollar crisis) leading to blocked import financing; the issue is described as a broader 'dollar crisis' affecting the plant's ability to open LCs, matching the country-level currency-related scope.",2023-02-15,"Volatility in the exchange rate (e.g., USD to BDT) affecting import costs.",blocks import financing,dollar crisis blocks imports,True,Dollar Crisis,blocks import financing,Letters of Credit to Import Coal,(Dollar Crisis) ── blocks import financing ──> (Letters of Credit to Import Coal),appreciate,(Dollar Crisis) ── appreciate ──> (currency_log_return),Dollar Shortage,(Dollar Shortage) ── appreciate ──> (currency_log_return),"""Dollar Shortage: Monetary Policy"""
18,llm_response_0294_Bangladesh_Sangbad_Sangstha_BSS_20230618.json,BB announces 'contractionary' MPS with focus on taming inflation  | News Flash,2023-06-18,https://www.bssnews.net/news-flash/131924,Bangladesh Sangbad Sangstha (BSS),currency_log_return,promotes exchange-rate stability,market-driven exchange rate,"2023-06-18, Volatility in the exchange rate (e.g., USD to BDT) affecting import costs. -> promotes exchange-rate stability -> market-driven exchange rate",0.996,"BB will no longer quote specific rates for buying or selling foreign exchanges, promoting stability in the foreign exchange market,",CONFIRMED,"The article contains the sentence 'BB will no longer quote specific rates for buying or selling foreign exchanges, promoting stability in the foreign exchange market,' which explicitly links the market-driven exchange rate policy to promoting exchange-rate stability and specifically references the BDT–USD (and other currencies) rate.",2023-06-18,"Volatility in the exchange rate (e.g., USD to BDT) affecting import costs.",promotes exchange-rate stability,market-driven exchange rate,True,Bangladesh Bank,promotes exchange-rate stability,Foreign Exchange Market,(Bangladesh Bank) ── promotes exchange-rate stability ──> (Foreign Exchange Market),stable,(Bangladesh Bank) ── stable ──> (currency_log_return),Market-driven Exchange Rate Policy,(Market-driven Exchange Rate Policy) ── stable ──> (currency_log_return),"""Market-driven Exchange Rate Policy: Monetary Policy"""
