,json_file,title,date,url,source,feature,edge_label,event_summary,evidence_quote,quote_similarity,quote_best_match,judge_verdict,judge_reasoning,new_subject,new_predicate,new_object,new_triplet
0,llm_response_0000_The_Daily_Star_20230101.json,Ensure stable energy prices for economic recovery,2023-01-01,https://www.thedailystar.net/business/economy/news/ensure-stable-energy-prices-economic-recovery-3210341,The Daily Star,imports,negatively impacts imports,"foreign currency shortage, devaluation","resulting in some negative impacts on the import of energy, industrial raw materials and supply chain for export-oriented industries.",1.0,"resulting in some negative impacts on the import of energy, industrial raw materials and supply chain for export-oriented industries.",CONFIRMED,"The article contains the sentence stating the foreign currency shortage and taka devaluation 'has challenged the country's financial sector, resulting in some negative impacts on the import of energy, industrial raw materials and supply chain for export-oriented industries,' which explicitly links the event to negative effects on national-level imports.",Foreign Currency Shortage,negatively impacts imports,Supply Chain for Export-Oriented Industries,(Foreign Currency Shortage) ── negatively impacts imports ──> (Supply Chain for Export-Oriented Industries)
1,llm_response_0004_eNCAnews_20230607.json,"Bangladesh shuts schools, cuts power in longest heatwave in decades",2023-06-07,https://www.enca.com/life/bangladesh-shuts-schools-cuts-power-longest-heatwave-decades,eNCAnews,currency_log_return,drives up import costs,Taka depreciated 25%,"The Bangladeshi taka depreciated about 25 percent against the US dollar last year, driving up the cost of fuel imports and power utilities.",1.0,"The Bangladeshi taka depreciated about 25 percent against the US dollar last year, driving up the cost of fuel imports and power utilities.",CONFIRMED,"The article contains the exact sentence stating the taka depreciated about 25% 'driving up the cost of fuel imports and power utilities,' which explicitly asserts a cause-and-effect link at the national (country) level.",Bangladeshi Taka Depreciation,drives up import costs,Fuel Imports and Power Utilities,(Bangladeshi Taka Depreciation) ── drives up import costs ──> (Fuel Imports and Power Utilities)
2,llm_response_0006_Bangladesh_Sangbad_Sangstha_BSS_20230112.json,ICCB for taking steps to tackle recessionary risks of Bangladesh | Business,2023-01-12,https://www.bssnews.net/business/104885,Bangladesh Sangbad Sangstha (BSS),currency_log_return,forces devaluation,recession spurs devaluation,will spur capital outflows from the developing countries forcing them to devalue their currencies,0.995,"will spur capital outflows from the developing countries forcing them to devalue their currencies,",CONFIRMED,"The article contains the sentence 'The likely recession in the developed world will spur capital outflows from the developing countries forcing them to devalue their currencies...' which explicitly links a (likely) recession to capital outflows that force country-level currency devaluations, matching the exchange-rate (currency) scope.",Capital Outflows from Developing Countries,forces devaluation,Developing Country Currencies,(Capital Outflows from Developing Countries) ── forces devaluation ──> (Developing Country Currencies)
3,llm_response_0010_La_Prensa_Latina_Media_20230131.json,IMF approves $4.7 billion loan package for Bangladesh,2023-01-31,https://www.laprensalatina.com/imf-approves-4-7-billion-loan-package-for-bangladesh/,La Prensa Latina Media,currency_log_return,caused depreciation,Russia's war in Ukraine,"It has led to a sharp widening of Bangladesh's current account deficit, depreciation of the taka, and a decline in foreign exchange reserves.",1.0,"It has led to a sharp widening of Bangladesh's current account deficit, depreciation of the taka, and a decline in foreign exchange reserves.",CONFIRMED,"The article contains the sentence 'It has led to a sharp widening of Bangladesh's current account deficit, depreciation of the taka, and a decline in foreign exchange reserves,' which explicitly states Russia's war in Ukraine caused depreciation of the taka, a country-level exchange-rate movement matching the feature.",Russia's war in Ukraine,caused depreciation,Bangladesh's Taka,(Russia's war in Ukraine) ── caused depreciation ──> (Bangladesh's Taka)
4,llm_response_0015_Bangladesh_Sangbad_Sangstha_BSS_20230212.json,"Agriculturists Day tomorrow: President, PM issue messages | News",2023-02-12,https://www.bssnews.net/news/110260,Bangladesh Sangbad Sangstha (BSS),imports,reduces imports,people urged to be frugal,people should be frugal at all levels so that agricultural products do not have to be imported,1.0,people should be frugal at all levels so that agricultural products do not have to be imported,CONFIRMED,"The article contains the line advising 'people should be frugal at all levels so that agricultural products do not have to be imported,' which explicitly links frugality to avoiding imports; the context discusses imports at the national level, matching the aggregate scope.",People Being Frugal,reduces imports,Agricultural Products,(People Being Frugal) ── reduces imports ──> (Agricultural Products)
5,llm_response_0016_Bangladesh_Sangbad_Sangstha_BSS_20230228.json,Bangladesh economy shows signs of improvement: MCCI | Business,2023-02-28,https://www.bssnews.net/business/112993,Bangladesh Sangbad Sangstha (BSS),currency_log_return,causes depreciation,Russia-Ukraine war,"Russia-Ukraine, resultant supply-chain disruptions, global oil-and food-price spikes, slowdown in external demand, weak remittance inflow, rise in inflation, negative current account balance, depreciation of the Taka",1.0,"Russia-Ukraine, resultant supply-chain disruptions, global oil-and food-price spikes, slowdown in external demand, weak remittance inflow, rise in inflation, negative current account balance, depreciation of the Taka",CONFIRMED,"The article text explicitly lists the Russia-Ukraine war and resultant disruptions as interrupting Bangladesh's recovery and then enumerates consequences including 'depreciation of the Taka,' directly linking the war/effects to currency depreciation at the country level.",Russia-Ukraine War,causes depreciation,Bangladeshi Taka,(Russia-Ukraine War) ── causes depreciation ──> (Bangladeshi Taka)
6,llm_response_0031_Asian_News_International_ANI_20230516.json,Bangladesh government should think twice before trading in Chinese currency: Report,2023-05-16,https://www.aninews.in/news/world/asia/bangladesh-government-should-think-twice-before-trading-in-chinese-currency-report20230516121703/,Asian News International (ANI),balance_of_trade,reduces export revenue,Switch to Yuan lowers exports,Moving to the Yuan for international trade will hurt Bangladesh's remittances from abroad and lower export revenue as well,0.996,Moving to the Yuan for international trade will hurt Bangladesh's remittances from abroad and lower export revenue as well.,CONFIRMED,"The article contains the sentence 'Moving to the Yuan for international trade will hurt Bangladesh's remittances from abroad and lower export revenue as well,' which explicitly asserts that switching to the yuan will reduce national export revenue, matching the claimed causal relationship at the country level.",Switch to the Yuan,reduces export revenue,Export Revenue,(Switch to the Yuan) ── reduces export revenue ──> (Export Revenue)
7,llm_response_0051_Bangladesh_Sangbad_Sangstha_BSS_20230109.json,"Govt focusing on signing PTAs, FTAs considering LDC graduation: Tipu | Business",2023-01-09,https://www.bssnews.net/business/104238,Bangladesh Sangbad Sangstha (BSS),balance_of_trade,reduces exports,LDC graduation tariffs,"after the LDC graduation, Bangladesh would lose the preferential market access and would face 8 to 16 percent export tariff as a developing country",1.0,"after the LDC graduation, Bangladesh would lose the preferential market access and would face 8 to 16 percent export tariff as a developing country",CONFIRMED,"The article contains the quoted line stating Bangladesh 'would face 8 to 16 percent export tariff' after LDC graduation and immediately links this change to 'export losses' and the need for strategies/FTAs to offset them, explicitly asserting a country-level causal effect on exports.",LDC Graduation,reduces exports,Bangladesh Exports,(LDC Graduation) ── reduces exports ──> (Bangladesh Exports)
8,llm_response_0051_Bangladesh_Sangbad_Sangstha_BSS_20230109.json,"Govt focusing on signing PTAs, FTAs considering LDC graduation: Tipu | Business",2023-01-09,https://www.bssnews.net/business/104238,Bangladesh Sangbad Sangstha (BSS),balance_of_trade,mitigates export losses,Sign FTAs to offset,Bangladesh needs to sign FTAs with more potential countries and important economic blocs to offset the loss of preferential market access,0.996,Bangladesh needs to sign FTAs with more potential countries and important economic blocs to offset the loss of preferential market access.,CONFIRMED,"The exact sentence recommending signing FTAs to 'offset the loss of preferential market access' appears in the article, and the surrounding text explicitly presents FTAs as a means to overcome post-LDC export losses at the national level.",Signing FTAs,mitigates export losses,Loss of Preferential Market Access,(Signing FTAs) ── mitigates export losses ──> (Loss of Preferential Market Access)
9,llm_response_0054_Northern_Ireland_News_20230516.json,Bangladesh government should think twice before trading in Chinese currency: Report,2023-05-16,https://www.northernirelandnews.com/news/273832902/bangladesh-government-should-think-twice-before-trading-in-chinese-currency-report,Northern Ireland News,balance_of_trade,lowers export revenue,move to Yuan,Moving to the Yuan for international trade will hurt Bangladesh's remittances from abroad and lower export revenue as well.,1.0,Moving to the Yuan for international trade will hurt Bangladesh's remittances from abroad and lower export revenue as well.,CONFIRMED,"The article contains the sentence 'Moving to the Yuan for international trade will hurt Bangladesh's remittances from abroad and lower export revenue as well,' which explicitly asserts a causal effect of adopting the Yuan on reduced export revenue and refers to Bangladesh at the national level.",Move to the Yuan,lowers export revenue,Bangladesh's Export Revenue,(Move to the Yuan) ── lowers export revenue ──> (Bangladesh's Export Revenue)
10,llm_response_0054_Northern_Ireland_News_20230516.json,Bangladesh government should think twice before trading in Chinese currency: Report,2023-05-16,https://www.northernirelandnews.com/news/273832902/bangladesh-government-should-think-twice-before-trading-in-chinese-currency-report,Northern Ireland News,imports,discourages imports,foreign reserves fall,This has compelled the government to discourage unnecessary imports and cut spending,0.994,"This has compelled the government to discourage unnecessary imports and cut spending,",CONFIRMED,"The exact sentence appears in the article ('This has compelled the government to discourage unnecessary imports and cut spending...') and clearly links falling reserves ('This') as the reason for the government discouraging imports; the action is described at the national government level, matching the scope.",Falling foreign reserves,discourages imports,Unnecessary imports,(Falling foreign reserves) ── discourages imports ──> (Unnecessary imports)
11,llm_response_0067_Bangladesh_Sangbad_Sangstha_BSS_20230126.json,Refined sugar prices rise by Tk 5 per kg | Business,2023-01-26,https://www.bssnews.net/business/107336,Bangladesh Sangbad Sangstha (BSS),currency_log_return,increases cost,Dollar-driven sugar price rise,"The price was increased considering the price hike of unrefined sugar in the global market, dollar price increase, and increase in operational costs of local mills,",1.0,"The price was increased considering the price hike of unrefined sugar in the global market, dollar price increase, and increase in operational costs of local mills,",CONFIRMED,"The article contains the sentence attributing the price increase to 'dollar price increase' (quote present), explicitly stating that the price was raised for that reason (causal link), and discusses the decision at the national/industry level in Bangladesh (scope matches).",Dollar Price Increase,increases cost,Operational Costs of Local Mills,(Dollar Price Increase) ── increases cost ──> (Operational Costs of Local Mills)
12,llm_response_0070_ANN_20230607.json,High inflation and power crisis: PM Hasina asks ministries to find a way out,2023-06-07,https://asianews.network/high-inflation-and-power-crisis-pm-hasina-asks-ministries-to-find-a-way-out/,ANN,currency_log_return,increases import costs,dollar crisis raises prices,"Asked why the prices of certain products were rising in Bangladesh even though they were getting cheaper in the international market, Mannan said this happened because of the dollar crisis.",1.0,"Asked why the prices of certain products were rising in Bangladesh even though they were getting cheaper in the international market, Mannan said this happened because of the dollar crisis.",CONFIRMED,"The article directly quotes Mannan saying rising domestic prices happened 'because of the dollar crisis' and explains the taka's loss of value raises the 'actual buying price,' explicitly linking the dollar crisis (exchange-rate effect) to higher import/domestic prices for Bangladesh.",Dollar Crisis,increases import costs,Prices of Certain Products in Bangladesh,(Dollar Crisis) ── increases import costs ──> (Prices of Certain Products in Bangladesh)
13,llm_response_0072_europesuncom_20230516.json,Bangladesh government should think twice before trading in Chinese currency: Report,2023-05-16,https://www.europesun.com/news/273832902/bangladesh-government-should-think-twice-before-trading-in-chinese-currency-report,europesun.com,imports,discourages imports,"reserves fall, imports discouraged",This has compelled the government to discourage unnecessary imports and cut spending,0.994,"This has compelled the government to discourage unnecessary imports and cut spending,",CONFIRMED,"The article contains the sentence 'This has compelled the government to discourage unnecessary imports and cut spending...', directly linking falling reserves to a government policy to discourage imports, and it refers to national-level (Bangladesh) policy affecting country-level imports.",Declining Foreign Reserves,discourages imports,Unnecessary Imports,(Declining Foreign Reserves) ── discourages imports ──> (Unnecessary Imports)
14,llm_response_0082_Bangladesh_Sangbad_Sangstha_BSS_20230601.json,Principles of budget should be to simplify people's lives through taming inflation: economists | National Budget 2023-2024,2023-06-01,https://www.bssnews.net/national-budget-2023-2024/127152,Bangladesh Sangbad Sangstha (BSS),imports,hampers imports,Lowering inflation hampers imports,The imports are being hampered due to the lowering trend of inflation for which there are dissimilarities between demand and supply.,1.0,The imports are being hampered due to the lowering trend of inflation for which there are dissimilarities between demand and supply.,CONFIRMED,"The article contains the sentence ‘‘The imports are being hampered due to the lowering trend of inflation...’’ which explicitly states a causal link and refers to imports at the national/economic level, matching the claimed scope.",Lowering Trend of Inflation,hampers imports,The Imports,(Lowering Trend of Inflation) ── hampers imports ──> (The Imports)
15,llm_response_0085_LatestLY_20230516.json,World News | Bangladesh Government Should Think Twice Before Trading in Chinese Currency: Report | LatestLY,2023-05-16,https://www.latestly.com/agency-news/world-news-bangladesh-government-should-think-twice-before-trading-in-chinese-currency-report-5130517.html,LatestLY,balance_of_trade,lowers export revenue,move to Yuan lowers exports,Moving to the Yuan for international trade will hurt Bangladesh's remittances from abroad and lower export revenue as well.,1.0,Moving to the Yuan for international trade will hurt Bangladesh's remittances from abroad and lower export revenue as well.,CONFIRMED,"The exact sentence appears in the article stating 'Moving to the Yuan for international trade will ... lower export revenue as well,' which is an explicit causal claim about Bangladesh's national export revenue, matching the balance_of_trade scope.",Move to the Yuan,lowers export revenue,Bangladesh's Export Revenue,(Move to the Yuan) ── lowers export revenue ──> (Bangladesh's Export Revenue)
16,llm_response_0085_LatestLY_20230516.json,World News | Bangladesh Government Should Think Twice Before Trading in Chinese Currency: Report | LatestLY,2023-05-16,https://www.latestly.com/agency-news/world-news-bangladesh-government-should-think-twice-before-trading-in-chinese-currency-report-5130517.html,LatestLY,imports,discourages imports,reserve decline prompts curbs,This has compelled the government to discourage unnecessary imports and cut spending,0.994,"This has compelled the government to discourage unnecessary imports and cut spending,",CONFIRMED,"The article contains the sentence ""This has compelled the government to discourage unnecessary imports and cut spending..."", linking falling reserves and related economic pressures directly to government actions to discourage imports, and the action is described at the national (country-wide) level.",Reserve Decline,discourages imports,Unnecessary Imports,(Reserve Decline) ── discourages imports ──> (Unnecessary Imports)
17,llm_response_0096_Prothomalo_20230521.json,"US key export destination, Saudi Arabia top remittance source",2023-05-21,https://en.prothomalo.com/business/local/sycr1wg79y,Prothomalo,balance_of_trade,increases trade deficit,imports exceed exports,"The import costs here are much higher than the export revenue. As a result, the trade deficit has to be met mainly with remittance.",0.769,"imports come from China and India. As a result, the trade deficit has to be met mainly with remittance.",CONFIRMED,"The article literally states 'The import costs here are much higher than the export revenue. As a result, the trade deficit has to be met mainly with remittance,' which explicitly links imports exceeding exports to creating a national trade deficit.",High Import Costs,increases trade deficit,Trade Deficit,(High Import Costs) ── increases trade deficit ──> (Trade Deficit)
18,llm_response_0109_Daily_Sun_20230605.json,PM sees next election as a challenge     | Daily Sun |,2023-06-05,https://www.daily-sun.com/post/693276/PM-sees-next-election-as-a-challenge,Daily Sun,balance_of_trade,increases exports,boost agricultural production,"boost up agricultural production by not keeping any piece of land uncultivated in the country, in order to meet the local demand and also export those.",1.0,"boost up agricultural production by not keeping any piece of land uncultivated in the country, in order to meet the local demand and also export those.",CONFIRMED,"The exact sentence appears in the article urging to ""boost up agricultural production... in order to meet the local demand and also export those,"" which explicitly links increasing production as a means to enable exports; the statement is made at the national level, matching the country-wide balance-of-trade scope.",Boosted Agricultural Production,increases exports,Agricultural Produce,(Boosted Agricultural Production) ── increases exports ──> (Agricultural Produce)
19,llm_response_0134_Bangladesh_Sangbad_Sangstha_BSS_20230527.json,CPD for coordination between monetary and fiscal policies to tame inflation | Business,2023-05-27,https://www.bssnews.net/business/127672,Bangladesh Sangbad Sangstha (BSS),currency_log_return,raises commodity prices,Taka–USD exchange impact,"Besides, the Taka and US dollar exchange rate is also playing a role to raise the price of commodities,",0.99,"""Besides, the Taka and US dollar exchange rate is also playing a role to raise the price of commodities,""",CONFIRMED,"The article contains the exact sentence stating the Taka–US dollar exchange rate 'is also playing a role to raise the price of commodities,' which explicitly asserts a causal effect and refers to the national (country-level) exchange rate impact on prices.",Taka and US Dollar Exchange Rate,raises commodity prices,Commodity Prices,(Taka and US Dollar Exchange Rate) ── raises commodity prices ──> (Commodity Prices)
20,llm_response_0135_Bangladesh_Sangbad_Sangstha_BSS_20230618.json,Rationalize public sector borrowing to encourage private borrowing: DCCI | Business,2023-06-18,https://www.bssnews.net/business/131959,Bangladesh Sangbad Sangstha (BSS),currency_log_return,stabilizes exchange rate,unified exchange rate adoption,a unified exchange rate will stabilize the market.,1.0,a unified exchange rate will stabilize the market.,CONFIRMED,"The article explicitly states ""a unified exchange rate will stabilize the market,"" which directly asserts a causal relationship (unified exchange rate → market/exchange-rate stability) at the national level discussed in the piece.",Unified Exchange Rate Adoption,stabilizes exchange rate,The Market,(Unified Exchange Rate Adoption) ── stabilizes exchange rate ──> (The Market)
21,llm_response_0142_Bangladesh_Sangbad_Sangstha_BSS_20230601.json,Proposed budget favorable to build Smart Bangladesh: Rangpur Chamber | Business,2023-06-01,https://www.bssnews.net/business/128643,Bangladesh Sangbad Sangstha (BSS),imports,discourages imports,increase regulatory duties,increase regulatory duties to discourage import of non-essential and luxury goods,0.994,"increase regulatory duties to discourage import of non-essential and luxury goods,",CONFIRMED,"The article contains the line stating the budget will ""increase regulatory duties to discourage import of non-essential and luxury goods,"" which explicitly links the duty increase as intended to discourage imports and is presented as a national budget measure (country-level scope).",Increase in Regulatory Duties,discourages imports,Non-Essential and Luxury Goods,(Increase in Regulatory Duties) ── discourages imports ──> (Non-Essential and Luxury Goods)
22,llm_response_0145_The_Financial_Express_20230102.json,"DCCI pushes to ensure smooth energy supply, improve ease of doing business in 2023",2023-01-02,https://thefinancialexpress.com.bd/trade/dcci-pushes-to-ensure-smooth-energy-supply-improve-ease-of-doing-business-in-2023-1672628067,The Financial Express,imports,negatively impacts imports,Taka devaluation hurts imports,"devaluation of the Taka against the US Dollar has challenged the country's financial sector, resulting in some negative impact on the import of energy, industrial raw materials",1.0,"devaluation of the Taka against the US Dollar has challenged the country's financial sector, resulting in some negative impact on the import of energy, industrial raw materials",CONFIRMED,"The article contains the sentence stating devaluation of the Taka 'has challenged the country's financial sector, resulting in some negative impact on the import of energy, industrial raw materials', which explicitly expresses a cause-and-effect link at the national level regarding imports.",Taka Devaluation,negatively impacts imports,Energy Imports,(Taka Devaluation) ── negatively impacts imports ──> (Energy Imports)
23,llm_response_0165_Bangladesh_Sangbad_Sangstha_BSS_20230719.json,Trade bodies for continuing 'Black Sea Grain Initiative Agreement'  | News,2023-07-19,https://www.bssnews.net/news/137156,Bangladesh Sangbad Sangstha (BSS),imports,disrupts imports,BSGI cessation disrupts wheat,disruption of smooth supply of wheat to feed millions of people around the world due to Russia's decision to axe the Black Sea Grain Initiative,1.0,disruption of smooth supply of wheat to feed millions of people around the world due to Russia's decision to axe the Black Sea Grain Initiative,CONFIRMED,"The article contains the quoted language saying the disruption of wheat supply is 'due to Russia's decision to axe the Black Sea Grain Initiative' and explicitly states the discontinuation 'will ... cause' humanitarian and supply disruptions; it frames this impact globally (millions of people, exports to 45 countries), matching the imports-level scope.",Russia's decision,disrupts imports,Wheat supply,(Russia's decision) ── disrupts imports ──> (Wheat supply)
24,llm_response_0171_Daily_Sun_20230220.json,Businessmen of West Bengal interested to invest in economic zones     | Daily Sun |,2023-02-20,https://www.daily-sun.com/post/675220/Businessmen-of-West-Bengal-interested-to-invest-in-economic-zones,Daily Sun,balance_of_trade,increases export receipts,economic zones boost exports,He said they are expecting to fetch additional export receipts of $40 billion per year by 2030 from these economic zones.,1.0,He said they are expecting to fetch additional export receipts of $40 billion per year by 2030 from these economic zones.,CONFIRMED,"The exact sentence appears in the article stating an expectation that the economic zones will 'fetch additional export receipts of $40 billion per year by 2030,' which explicitly links the economic zones to increased national export receipts.",Economic Zones,increases export receipts,Additional Export Receipts of $40 Billion,(Economic Zones) ── increases export receipts ──> (Additional Export Receipts of $40 Billion)
25,llm_response_0193_South_Asia_Journal_20230311.json,Bangladesh banks feel squeeze of Moody's outlook downgrade,2023-03-11,http://southasiajournal.net/bangladesh-banks-feel-squeeze-of-moodys-outlook-downgrade/,South Asia Journal,imports,reduces LC availability,dollar crisis stalls LCs,"But even before the outlook darkened, the dollar crisis was stalling new credit arrangements and payments on previous ones.",1.0,"But even before the outlook darkened, the dollar crisis was stalling new credit arrangements and payments on previous ones.",CONFIRMED,"The exact sentence appears in the article. The text explicitly links the 'dollar crisis' to stalling new credit arrangements and declines in letters of credit and payments (banks 'do not have enough dollars to settle import bills'), and this is discussed at the national (Bangladesh, import-dependent) level.",Dollar Crisis,reduces LC availability,New Credit Arrangements,(Dollar Crisis) ── reduces LC availability ──> (New Credit Arrangements)
26,llm_response_0193_South_Asia_Journal_20230311.json,Bangladesh banks feel squeeze of Moody's outlook downgrade,2023-03-11,http://southasiajournal.net/bangladesh-banks-feel-squeeze-of-moodys-outlook-downgrade/,South Asia Journal,imports,makes financing costlier,Moody's downgrade hinders transactions,cross-border financial transactions will become more difficult and costly for the import-dependent South Asian nation,0.996,cross-border financial transactions will become more difficult and costly for the import-dependent South Asian nation.,CONFIRMED,"The exact sentence appears in the article stating cross-border transactions will become ""more difficult and costly for the import-dependent South Asian nation,"" and multiple passages (including expert quotes) explicitly link Moody's downgrade to increased financing costs and impeded cross-border transactions at the national level for Bangladesh.",Moody's Downgrade,makes financing costlier,Cross-Border Financial Transactions,(Moody's Downgrade) ── makes financing costlier ──> (Cross-Border Financial Transactions)
27,llm_response_0196_Bangladesh_Sangbad_Sangstha_BSS_20230521.json,"Govt plans to import onion from India soon, Dr Razzaque  | News Flash",2023-05-21,https://www.bssnews.net/news-flash/126567,Bangladesh Sangbad Sangstha (BSS),imports,seeks to increase imports,government seeks onion import,commerce ministry already has requested to the ministry of agriculture for seeking onion import permission considering the price hike,1.0,commerce ministry already has requested to the ministry of agriculture for seeking onion import permission considering the price hike,CONFIRMED,"The article contains the quoted sentence (or a very close paraphrase) stating the commerce ministry requested import permission, explicitly saying this was 'considering the price hike,' and it refers to government-level action affecting national imports.",Commerce Ministry,seeks to increase imports,Onion Import Permission,(Commerce Ministry) ── seeks to increase imports ──> (Onion Import Permission)
28,llm_response_0215_Prothomalo_20230604.json,"Global prices fall, no  impact on local market woes",2023-06-04,https://en.prothomalo.com/business/local/1q4bvruzz4,Prothomalo,imports,disrupts imports,disruption of imports,disruption of imports due to the crisis,1.0,disruption of imports due to the crisis,CONFIRMED,"The exact phrase ""disruption of imports due to the crisis"" appears in the article, which explicitly states that the crisis caused disruption of imports. The statement clearly refers to imports at the country level, matching the feature's scope.",The crisis,disrupts imports,Imports,(The crisis) ── disrupts imports ──> (Imports)
29,llm_response_0233_Bangladesh_Sangbad_Sangstha_BSS_20230601.json,Proposed budget favorable to build Smart Bangladesh: Rangpur Chamber | Business,2023-06-01,https://www.bssnews.net/business/128643,Bangladesh Sangbad Sangstha (BSS),imports,encourages container imports,reduce container import duty,reduction of duty on container import to encourage import and export container business,0.994,reduction of duty on container import to encourage import and export container business.,CONFIRMED,"The article contains the sentence 'reduction of duty on container import to encourage import and export container business,' which explicitly states a causal intent (reduction of duty -> encourage container import/export business) in the national budget context, matching the imports-level scope.",Reduction of Container Import Duty,encourages container imports,Import and Export Container Business,(Reduction of Container Import Duty) ── encourages container imports ──> (Import and Export Container Business)
30,llm_response_0233_Bangladesh_Sangbad_Sangstha_BSS_20230601.json,Proposed budget favorable to build Smart Bangladesh: Rangpur Chamber | Business,2023-06-01,https://www.bssnews.net/business/128643,Bangladesh Sangbad Sangstha (BSS),imports,discourages imports,increase regulatory duties,increase regulatory duties to discourage import of non-essential and luxury goods,0.994,"increase regulatory duties to discourage import of non-essential and luxury goods,",CONFIRMED,"The article explicitly states ‘‘increase regulatory duties to discourage import of non-essential and luxury goods,’’ directly asserting a causal intent (higher duties -> discourage imports) and discusses imports at the national policy level.",Increased Regulatory Duties,discourages imports,Non-Essential and Luxury Goods,(Increased Regulatory Duties) ── discourages imports ──> (Non-Essential and Luxury Goods)
31,llm_response_0255_Global_Voices_20230301.json,Bangladesh reassesses its Belt and Road Initiative strategy with China as the US offers a new alternative,2023-03-01,https://globalvoices.org/2023/02/28/bangladesh-reassesses-its-belt-and-road-initiative-strategy-with-china-as-the-us-offers-a-new-alternative/,Global Voices,imports,makes importing difficult,dwindling foreign reserves,its dwindling foreign reserves are making it difficult to import the goods necessary to keep its economy rolling.,1.0,its dwindling foreign reserves are making it difficult to import the goods necessary to keep its economy rolling.,CONFIRMED,"The exact sentence appears in the article stating that Bangladesh's dwindling foreign reserves 'are making it difficult to import the goods necessary to keep its economy rolling,' which explicitly asserts a causal link at the national (country) level.",Dwindling Foreign Reserves,makes importing difficult,Imported Goods,(Dwindling Foreign Reserves) ── makes importing difficult ──> (Imported Goods)
32,llm_response_0258_Bangladesh_Sangbad_Sangstha_BSS_20230224.json,"Stocks sufficient, no shortage of essential commodities in Ramadan | News Flash",2023-02-24,https://www.bssnews.net/news-flash/112237,Bangladesh Sangbad Sangstha (BSS),imports,enables imports,LC openings resume imports,essential products against LCs opened recently have started coming to the market,0.988,"essential products against LCs opened recently have started coming to the market,""",CONFIRMED,"The exact sentence appears in the article and the text explicitly attributes increased imports/arrival of goods to easing/opening of LCs (government easing LCs -> goods have started coming), and this is discussed at the market/country import level consistent with the claimed scope.",Recently Opened LCs,enables imports,Essential Products,(Recently Opened LCs) ── enables imports ──> (Essential Products)
33,llm_response_0258_Bangladesh_Sangbad_Sangstha_BSS_20230224.json,"Stocks sufficient, no shortage of essential commodities in Ramadan | News Flash",2023-02-24,https://www.bssnews.net/news-flash/112237,Bangladesh Sangbad Sangstha (BSS),imports,increases imports,government measures increased imports,timely measures of the government have helped increase the imports of consumer goods significantly,1.0,timely measures of the government have helped increase the imports of consumer goods significantly,CONFIRMED,"The exact phrase about government measures helping to increase imports appears in the article's opening sentence, which explicitly states a causal link. The statement refers to 'the country' and national supply, so the scope matches a country-level effect.",Timely Government Measures,increases imports,Consumer Goods Imports,(Timely Government Measures) ── increases imports ──> (Consumer Goods Imports)
34,llm_response_0271_La_Prensa_Latina_Media_20230425.json,IMF team reviews Bangladesh's compliance with loan package conditions,2023-04-25,https://www.laprensalatina.com/imf-team-reviews-bangladeshs-compliance-with-loan-package-conditions/,La Prensa Latina Media,currency_log_return,causes depreciation,Russia-Ukraine war impact,"It has led to a sharp widening of Bangladesh's current account deficit, a depreciation of its currency, the taka, and a decline in foreign exchange reserves.",1.0,"It has led to a sharp widening of Bangladesh's current account deficit, a depreciation of its currency, the taka, and a decline in foreign exchange reserves.",CONFIRMED,"The article contains the sentence stating that Russia's war in Ukraine 'has led to ... a depreciation of its currency, the taka,' which explicitly attributes cause-and-effect at the country (Bangladesh) currency level.",Russia-Ukraine War,causes depreciation,Bangladeshi Taka,(Russia-Ukraine War) ── causes depreciation ──> (Bangladeshi Taka)
35,llm_response_0305_La_Prensa_Latina_Media_20230605.json,Bangladesh inflation hits decade high of 9.94%,2023-06-05,https://www.laprensalatina.com/bangladesh-inflation-hits-decade-high-of-9-94/,La Prensa Latina Media,imports,halts coal imports,dollar shortage halts coal imports,could not import coal due to a dollar shortage,0.989,"could not import coal due to a dollar shortage,",CONFIRMED,"The article contains the sentence 'it could not import coal due to a dollar shortage,' which explicitly states the dollar shortage caused the inability to import coal; this is described in the context of the country's largest power station and broader national dollar crisis, matching the national-level import scope.",Dollar Shortage,halts coal imports,Coal Imports,(Dollar Shortage) ── halts coal imports ──> (Coal Imports)
36,llm_response_0306_Daily_Sun_20230618.json,BB announces 'contractionary' MPS with focus on taming inflation     | Daily Sun |,2023-06-18,https://www.daily-sun.com/post/695700/BB-announces-contractionary-MPS-with-focus-on-taming-inflation,Daily Sun,currency_log_return,reduces exchange-rate volatility,unified market-driven exchange rate,"BB will no longer quote specific rates for buying or selling foreign exchanges, promoting stability in the foreign exchange market",0.996,"BB will no longer quote specific rates for buying or selling foreign exchanges, promoting stability in the foreign exchange market,",CONFIRMED,"The article contains the line 'BB will no longer quote specific rates for buying or selling foreign exchanges, promoting stability in the foreign exchange market,' which explicitly links the switch to a market-driven single exchange rate to greater FX market stability (i.e., reduced exchange-rate volatility) at the national level.",Bangladesh Bank policy,reduces exchange-rate volatility,Foreign Exchange Market,(Bangladesh Bank policy) ── reduces exchange-rate volatility ──> (Foreign Exchange Market)
37,llm_response_0329_Daily_Sun_20230624.json,No shortage of sacrificial animals in Rajshahi cattle markets     | Daily Sun |,2023-06-24,https://www.daily-sun.com/post/696793/No-shortage-of-sacrificial-animals-in-Rajshahi-cattle-markets,Daily Sun,imports,lessens imports,Boost in native cattle production,largely native cattle production has been lessening the dependence on animal imports from the neighbouring country.,1.0,largely native cattle production has been lessening the dependence on animal imports from the neighbouring country.,CONFIRMED,"The article contains the line 'largely native cattle production has been lessening the dependence on animal imports from the neighbouring country,' which explicitly states a causal link (increased native production -> reduced dependence on imports) at the national/neighbouring-country level.",Native Cattle Production,lessens imports,Animal Imports from Neighbouring Country,(Native Cattle Production) ── lessens imports ──> (Animal Imports from Neighbouring Country)
38,llm_response_0337_Bangladesh_Sangbad_Sangstha_BSS_20230224.json,"Stocks sufficient, no shortage of essential commodities in Ramadan | News Flash",2023-02-24,https://www.bssnews.net/news-flash/112237,Bangladesh Sangbad Sangstha (BSS),imports,increases imports,government eased LCs,the timely measures of the government have helped increase the imports of consumer goods significantly stabilizing the market with sufficient supply,0.997,the timely measures of the government have helped increase the imports of consumer goods significantly stabilizing the market with sufficient supply.,CONFIRMED,"The exact sentence appears in the article stating government measures 'have helped increase the imports of consumer goods.' The piece also explicitly links easing/opening of LCs to incoming imports (products 'against LCs opened recently have started coming to the market'), and it frames the effect at the national level ('The country would not face any shortage...'), matching the claimed scope.",Government easing of LCs,increases imports,Consumer Goods Imports,(Government easing of LCs) ── increases imports ──> (Consumer Goods Imports)
39,llm_response_0363_The_Frontier_Post_20230111.json,BD Opp holds rally seeking PM's resignation,2023-01-11,https://thefrontierpost.com/bd-opp-holds-rally-seeking-pms-resignation/,The Frontier Post,currency_log_return,drives up import costs,taka depreciation raises costs,"The Bangladeshi taka has depreciated by up to 25 percent, driving up the cost of food imports",1.0,"The Bangladeshi taka has depreciated by up to 25 percent, driving up the cost of food imports",CONFIRMED,"The article contains the sentence 'The Bangladeshi taka has depreciated by up to 25 percent, driving up the cost of food imports...' which explicitly states the depreciation caused higher food import costs and refers to the national currency, matching the country-level scope.",Bangladeshi Taka Depreciation,drives up import costs,Food Import Costs,(Bangladeshi Taka Depreciation) ── drives up import costs ──> (Food Import Costs)
40,llm_response_0378_La_Prensa_Latina_Media_20230509.json,Bangladesh's forex reserves hit seven-year low of $29.8 billion,2023-05-09,https://www.laprensalatina.com/bangladeshs-forex-reserves-hit-seven-year-low-of-29-8-billion/,La Prensa Latina Media,imports,impacts imports,foreign currency inflow-outflow gap,There is a big gap between the inflow and outflow of our foreign currency. It is hugely impacting imports.,0.859,"""There is a big gap between the inflow and outflow of our foreign currency. It is not",CONFIRMED,"The exact quote appears in the article where Zahid Hussain says the gap between foreign currency inflows and outflows ""is hugely impacting imports,"" explicitly linking the inflow-outflow gap as a cause of reduced imports at the country level (Bangladesh).",Foreign Currency Inflow-Outflow Gap,impacts imports,Imports,(Foreign Currency Inflow-Outflow Gap) ── impacts imports ──> (Imports)
41,llm_response_0381_ANN_20230414.json,"Besides forex reserves, nature needs replenishing too",2023-04-14,https://asianews.network/besides-forex-reserves-nature-needs-replenishing-too/,ANN,imports,threatens import capacity,foreign exchange reserve crisis,forex reserves also ensure that the country has enough moolah to import food in case of a sudden crisis,1.0,forex reserves also ensure that the country has enough moolah to import food in case of a sudden crisis,CONFIRMED,"The article explicitly states that forex reserves 'ensure that the country has enough moolah to import food...and buy emergency medical supplies,' and it frames a 'foreign exchange reserve crisis' as worrying — together this strongly implies that a reserves crisis would threaten the country's import capacity at the national level.",Foreign Exchange Reserve Crisis,threatens import capacity,Food Imports,(Foreign Exchange Reserve Crisis) ── threatens import capacity ──> (Food Imports)
42,llm_response_0385_httpwwwuniindiacomfadnavis-orders-probe-into-mumbai-pub-firestatesnews1090400htm_20230719.json,ADB raises Bangladesh's economic growth forecast,2023-07-19,http://www.uniindia.com/~/adb-raises-bangladesh-s-economic-growth-forecast/World/news/3013493.html,http://www.uniindia.com/fadnavis-orders-probe-into-mumbai-pub-fire/states/news/1090400.html,balance_of_trade,strengthens trade balance,imports fell more sharply,reflects strong net exports as imports fell more sharply than expected and export growth slowed less than expected,0.991,"reflects strong net exports as imports fell more sharply than expected and export growth slowed less than expected,""",CONFIRMED,"The article contains the sentence attributing the higher growth estimate to ""strong net exports as imports fell more sharply than expected and export growth slowed less than expected,"" which explicitly links the drop in imports to stronger net exports (national-level balance of trade).",Sharper Import Decline,strengthens trade balance,Trade Balance,(Sharper Import Decline) ── strengthens trade balance ──> (Trade Balance)
43,llm_response_0393_Bangladesh_Sangbad_Sangstha_BSS_20230115.json,BB unveils 'cautiously accommodative' MPS | News Flash,2023-01-15,https://www.bssnews.net/news-flash/105330,Bangladesh Sangbad Sangstha (BSS),currency_log_return,reduces exchange rate pressure,dissuade non-essential imports,dissuade imports of non-essential commodities to reduce the exchange rate pressure,0.994,"dissuade imports of non-essential commodities to reduce the exchange rate pressure,",CONFIRMED,"The article contains the sentence 'dissuade imports of non-essential commodities to reduce the exchange rate pressure,' which explicitly states the policy action is intended to cause reduced exchange-rate pressure; this is discussed at the national/central-bank policy level, matching the feature's scope.",Dissuading Non-Essential Imports,reduces exchange rate pressure,Exchange Rate Pressure,(Dissuading Non-Essential Imports) ── reduces exchange rate pressure ──> (Exchange Rate Pressure)
44,llm_response_0405_Bangladesh_Sangbad_Sangstha_BSS_20230721.json,"PM for ending Ukraine war, building resilience against future shocks | News Flash",2023-07-21,https://www.bssnews.net/news-flash/137581,Bangladesh Sangbad Sangstha (BSS),imports,reduces import volume,limited non-essential imports,We had to limit import of non-essential and luxury items;,0.991,"""We had to limit import of non-essential and luxury items;",CONFIRMED,"The article contains the exact line ""We had to limit import of non-essential and luxury items;"" which explicitly describes a policy action to limit (i.e., reduce) imports. The statement is presented as a nationwide government measure, matching the country-level scope.",Limiting Non-Essential Imports,reduces import volume,Non-Essential and Luxury Items,(Limiting Non-Essential Imports) ── reduces import volume ──> (Non-Essential and Luxury Items)
45,llm_response_0414_Bangladesh_Sangbad_Sangstha_BSS_20230101.json,DCCI for PPP to manage sustainable economic recovery | Business,2023-01-01,https://www.bssnews.net/business/102891,Bangladesh Sangbad Sangstha (BSS),imports,negatively impacts imports,foreign currency crisis devaluation,"resulting in some negative impact on the import of energy, industrial raw materials",1.0,"resulting in some negative impact on the import of energy, industrial raw materials",CONFIRMED,"The article contains the sentence stating the foreign currency crisis and Taka devaluation have 'resulting in some negative impact on the import of energy, industrial raw materials,' which explicitly asserts a causal negative effect on country-level imports.",Foreign Currency Devaluation,negatively impacts imports,Energy Imports,(Foreign Currency Devaluation) ── negatively impacts imports ──> (Energy Imports)
46,llm_response_0432_Bangladesh_Sangbad_Sangstha_BSS_20230601.json,Govt aims to sustain economic recovery: Kamal  | National Budget 2023-2024,2023-06-01,https://www.bssnews.net/national-budget-2023-2024/128488,Bangladesh Sangbad Sangstha (BSS),currency_log_return,raises import costs,Post-war FX depreciation,increase in import costs due to post-war global inflation and the depreciation of the country's foreign exchange rate,1.0,increase in import costs due to post-war global inflation and the depreciation of the country's foreign exchange rate,CONFIRMED,"The article includes the line attributing an ""increase in import costs due to post-war global inflation and the depreciation of the country's foreign exchange rate,"" which explicitly states a causal link and refers to the country's (national-level) exchange-rate depreciation affecting import costs.",Post-war FX depreciation,raises import costs,Import costs,(Post-war FX depreciation) ── raises import costs ──> (Import costs)
47,llm_response_0441_ANN_20230313.json,No policy measures taken to contain high inflation,2023-03-13,https://asianews.network/no-policy-measures-taken-to-contain-high-inflation/,ANN,imports,compresses imports,Forex-driven import compression,Import compression due to forex shortage must also have contributed to recharging the inflationary momentum.,1.0,Import compression due to forex shortage must also have contributed to recharging the inflationary momentum.,CONFIRMED,"The article text contains the exact sentence ""Import compression due to forex shortage must also have contributed..."", explicitly attributing import compression to a forex shortage; it discusses this in the national (Bangladesh) context, matching the feature's aggregate import scope.",Forex shortage,compresses imports,Imports,(Forex shortage) ── compresses imports ──> (Imports)
48,llm_response_0443_Deccan_Herald_20230207.json,"Take note of Bangla crisis, hedge bets",2023-02-07,https://www.deccanherald.com/opinion/second-edit/take-note-of-bangla-crisis-hedge-bets-1188965.html,Deccan Herald,imports,reduces import volume,war forced import cuts,"which raised the cost of imports, forcing Bangladesh's Awami League (AL) government to cut imports.",1.0,"which raised the cost of imports, forcing Bangladesh's Awami League (AL) government to cut imports.",CONFIRMED,"The article contains the exact sentence stating that Russia's invasion raised import costs, ""forcing Bangladesh's Awami League (AL) government to cut imports,"" which explicitly links the war to a government-ordered reduction in imports at the national level.",The war,reduces import volume,Bangladesh's import volume,(The war) ── reduces import volume ──> (Bangladesh's import volume)
49,llm_response_0471_Bangladesh_Sangbad_Sangstha_BSS_20230224.json,PM urges Canadian entrepreneurs to invest in Bangladesh | News Flash,2023-02-24,https://www.bssnews.net/news-flash/112342,Bangladesh Sangbad Sangstha (BSS),balance_of_trade,increases exports,agro-processing development push,her government puts emphasis on the development of agro-processing industry to export processed foods alongside meeting the local demand.,1.0,her government puts emphasis on the development of agro-processing industry to export processed foods alongside meeting the local demand.,CONFIRMED,"The exact sentence appears in the article stating the government emphasizes agro-processing 'to export processed foods alongside meeting the local demand,' which explicitly links the development push to exporting (a country-level outcome relevant to balance of trade).",Government Emphasis on Agro-Processing Industry,increases exports,Processed Foods,(Government Emphasis on Agro-Processing Industry) ── increases exports ──> (Processed Foods)
50,llm_response_0491_Bangladesh_Sangbad_Sangstha_BSS_20230322.json,"Balanced fertilizer to boost crop output by14 %, will save Taka 20,000cr yearly  | News",2023-03-22,https://www.bssnews.net/news/116959,Bangladesh Sangbad Sangstha (BSS),imports,raises import volume,Raise DAP imports,the government has decided to raise import of Di-ammonium phosphate (DAP),0.986,"""the government has decided to raise import of Di-ammonium phosphate (DAP),",CONFIRMED,"The article directly quotes the agriculture secretary saying ""the government has decided to raise import of Di-ammonium phosphate (DAP)"", which explicitly states the government will increase DAP imports (a causal action increasing import volume) and is described at the national/government level.",Bangladesh Government,raises import volume,Di-ammonium Phosphate (DAP),(Bangladesh Government) ── raises import volume ──> (Di-ammonium Phosphate (DAP))
51,llm_response_0502_ANN_20230117.json,Job growth in South Asia may halve this year: ILO,2023-01-17,https://asianews.network/job-growth-in-south-asia-may-halve-this-year-ilo/,ANN,imports,exposes import vulnerability,high and volatile energy prices,recent high and volatile energy prices have shown how vulnerable the region was with respect to energy imports; there is a clear need to become less dependent on these imports.,1.0,recent high and volatile energy prices have shown how vulnerable the region was with respect to energy imports; there is a clear need to become less dependent on these imports.,CONFIRMED,"The exact sentence appears in the article and explicitly states that 'recent high and volatile energy prices have shown how vulnerable the region was with respect to energy imports,' establishing a clear cause-effect (prices exposing import vulnerability) at the South Asia regional level.",High and Volatile Energy Prices,exposes import vulnerability,Energy Imports,(High and Volatile Energy Prices) ── exposes import vulnerability ──> (Energy Imports)
52,llm_response_0507_Bangladesh_Sangbad_Sangstha_BSS_20230101.json,DCCI for PPP to manage sustainable economic recovery | Business,2023-01-01,https://www.bssnews.net/business/102891,Bangladesh Sangbad Sangstha (BSS),imports,negatively impacts imports,currency crisis and devaluation,"resulting in some negative impact on the import of energy, industrial raw materials",1.0,"resulting in some negative impact on the import of energy, industrial raw materials",CONFIRMED,"The article explicitly states that the foreign currency crisis and Taka devaluation have 'resulting in some negative impact on the import of energy, industrial raw materials,' which directly asserts a causal negative effect on national-level imports of those goods.",Currency Crisis and Devaluation,negatively impacts imports,Energy and Industrial Raw Materials,(Currency Crisis and Devaluation) ── negatively impacts imports ──> (Energy and Industrial Raw Materials)
53,llm_response_0509_Bangladesh_Sangbad_Sangstha_BSS_20230106.json,Full text of PM's address to nation | News,2023-01-06,https://www.bssnews.net/news/103741,Bangladesh Sangbad Sangstha (BSS),imports,enables imports,Set up LNG terminals,"In addition to increasing our own gas production, we have set up LNG terminals to import LNG to meet its growing demand.",1.0,"In addition to increasing our own gas production, we have set up LNG terminals to import LNG to meet its growing demand.",CONFIRMED,"The article contains the exact sentence stating the government 'have set up LNG terminals to import LNG to meet its growing demand,' which explicitly expresses the terminals were established for the purpose of importing LNG, and the wording refers to national-level action by the government.",LNG Terminals,enables imports,LNG Imports,(LNG Terminals) ── enables imports ──> (LNG Imports)
54,llm_response_0529_ANN_20230103.json,"2022: The year the rich won, and the public lost",2023-01-03,https://asianews.network/2022-the-year-the-rich-won-and-the-public-lost/,ANN,currency_log_return,increases import costs,taka depreciation raised import costs,"The impact of this can be seen in the export sector, where business owners saw a lot of profit, but on the other hand, import costs have gone up significantly.",1.0,"The impact of this can be seen in the export sector, where business owners saw a lot of profit, but on the other hand, import costs have gone up significantly.",CONFIRMED,"The article includes the quoted sentence linking the taka's depreciation ('A US dollar... now fetches more than 100') to its impact: export gains and 'import costs have gone up significantly,' explicitly attributing higher import costs to the currency's fall at the nationwide level.",Taka Depreciation,increases import costs,Import Costs,(Taka Depreciation) ── increases import costs ──> (Import Costs)
55,llm_response_0529_ANN_20230103.json,"2022: The year the rich won, and the public lost",2023-01-03,https://asianews.network/2022-the-year-the-rich-won-and-the-public-lost/,ANN,imports,increases imports,government imported LNG and oil,"the government chose to import LNG and oil, and take on import- and loan-oriented projects.",1.0,"the government chose to import LNG and oil, and take on import- and loan-oriented projects.",CONFIRMED,"The exact phrase appears in the article: 'the government chose to import LNG and oil, and take on import- and loan-oriented projects.' The text explicitly links the government's decision to import LNG and oil with a move toward import-oriented policy (i.e., greater reliance on imports) at the national level.",Government,increases imports,LNG and Oil,(Government) ── increases imports ──> (LNG and Oil)
56,llm_response_0556_RocketNews_Top_News_Stories_From_Around_the_Globe_20230223.json,Severe dollar crisis hobbles Bangladesh businesses - RocketNews,2023-02-23,https://www.rocketnews.com/2023/02/severe-dollar-crisis-hobbles-bangladesh-businesses/,RocketNews | Top News Stories From Around the Globe,imports,enable imports,LCs required for imports,Importers in Bangladesh need to open letters of credit with one of the country's 61 scheduled banks to buy foreign goods and services.,0.971,dollars.Importers in Bangladesh need to open letters of credit with one of the country's 61 scheduled banks to buy foreign goods and services.,CONFIRMED,"The article contains the sentence verbatim that importers in Bangladesh must open letters of credit to buy foreign goods and services, which explicitly links LCs as a required mechanism enabling imports; the statement is made at the national (Bangladesh) level.",Letters of credit,enable imports,Foreign goods and services,(Letters of credit) ── enable imports ──> (Foreign goods and services)
57,llm_response_0562_Iraqi_News_20230607.json,"Bangladesh shuts schools, cuts power in longest heatwave in decades",2023-06-07,https://www.iraqinews.com/world/bangladesh-shuts-schools-cuts-power-in-longest-heatwave-in-decades/,Iraqi News,currency_log_return,drives up import costs,taka depreciation increases costs,"The Bangladeshi taka depreciated about 25 percent against the US dollar last year, driving up the cost of fuel imports and power utilities.",1.0,"The Bangladeshi taka depreciated about 25 percent against the US dollar last year, driving up the cost of fuel imports and power utilities.",CONFIRMED,"The article contains the exact sentence stating the taka depreciated about 25% 'driving up the cost of fuel imports and power utilities,' which explicitly asserts a causal link at the country level between the currency depreciation and higher import/utilities costs.",Bangladeshi Taka Depreciation,drives up import costs,Fuel Import Costs,(Bangladeshi Taka Depreciation) ── drives up import costs ──> (Fuel Import Costs)
58,llm_response_0563_httpwwwuniindiacomfadnavis-orders-probe-into-mumbai-pub-firestatesnews1090400htm_20230719.json,ADB raises Bangladesh's economic growth forecast,2023-07-19,http://www.uniindia.com/~/adb-raises-bangladesh-s-economic-growth-forecast/World/news/3013493.html,http://www.uniindia.com/fadnavis-orders-probe-into-mumbai-pub-fire/states/news/1090400.html,balance_of_trade,increases net exports,"imports fell, net exports",reflects strong net exports as imports fell more sharply than expected and export growth slowed less than expected,0.991,"reflects strong net exports as imports fell more sharply than expected and export growth slowed less than expected,""",CONFIRMED,"The article directly quotes the ADB: ""...reflects strong net exports as imports fell more sharply than expected and export growth slowed less than expected,"" which explicitly links falling imports to stronger net exports, and this statement refers to the Bangladeshi economy (country-level).",Falling Imports,increases net exports,Net Exports,(Falling Imports) ── increases net exports ──> (Net Exports)
59,llm_response_0569_The_Daily_Star_20230101.json,Ensure stable energy prices for economic recovery,2023-01-01,https://www.thedailystar.net/business/economy/news/ensure-stable-energy-prices-economic-recovery-3210341,The Daily Star,imports,negatively impacts imports,"foreign currency shortage, devaluation","resulting in some negative impacts on the import of energy, industrial raw materials",1.0,"resulting in some negative impacts on the import of energy, industrial raw materials",CONFIRMED,"The article contains the exact sentence linking the foreign currency shortage and taka devaluation to 'resulting in some negative impacts on the import of energy, industrial raw materials,' which explicitly states a causal effect at the country/imports level.",Foreign currency shortage,negatively impacts imports,Energy imports,(Foreign currency shortage) ── negatively impacts imports ──> (Energy imports)
60,llm_response_0580_Bangladesh_Sangbad_Sangstha_BSS_20230607.json,FBCCI president urges govt to extend support to import-substitute industries | Business,2023-06-07,https://www.bssnews.net/business/129745,Bangladesh Sangbad Sangstha (BSS),imports,lessens import pressure,support import-substitutes,urged the government to extend policy support towards import-substitute industries in the country to lessen import pressure on foreign exchange.,1.0,urged the government to extend policy support towards import-substitute industries in the country to lessen import pressure on foreign exchange.,CONFIRMED,"The article contains the sentence urging policy support for import-substitute industries 'in the country to lessen import pressure on foreign exchange,' which explicitly states a cause-and-effect claim at the national level.",Support for import-substitute industries,lessens import pressure,Foreign exchange,(Support for import-substitute industries) ── lessens import pressure ──> (Foreign exchange)
61,llm_response_0580_Bangladesh_Sangbad_Sangstha_BSS_20230607.json,FBCCI president urges govt to extend support to import-substitute industries | Business,2023-06-07,https://www.bssnews.net/business/129745,Bangladesh Sangbad Sangstha (BSS),imports,cuts imports,central bank cuts imports,"So, the Bangladesh Bank's move only to cut imports is not a solution to reduce stress on the dollar,"" he noted.",0.996,"""So, the Bangladesh Bank's move only to cut imports is not a solution to reduce stress on the dollar,"" he noted.",CONFIRMED,"The exact sentence appears in the article. The passage explicitly describes a Bangladesh Bank action 'to cut imports' and discusses its intended effect (reducing stress on the dollar), and this is framed as a national policy measure by the central bank, matching the country-level scope.",Bangladesh Bank,cuts imports,Imports,(Bangladesh Bank) ── cuts imports ──> (Imports)
62,llm_response_0588_Bangladesh_Sangbad_Sangstha_BSS_20230514.json,PM calls upon engineers to uphold country's development spree | PM,2023-05-14,https://www.bssnews.net/news/pm/125186,Bangladesh Sangbad Sangstha (BSS),imports,halts imports,refuses purchases under sanctions,Bangladesh will not purchase anything from any country if it imposes sanctions.,1.0,Bangladesh will not purchase anything from any country if it imposes sanctions.,CONFIRMED,"The article contains the exact sentence stating, 'Bangladesh will not purchase anything from any country if it imposes sanctions,' which explicitly ties the imposition of sanctions to Bangladesh refusing purchases; the statement is made at the national (Bangladesh) level, matching the scope.",Bangladesh,halts imports,Goods from Sanctioning Countries,(Bangladesh) ── halts imports ──> (Goods from Sanctioning Countries)
63,llm_response_0597_Bangladesh_Sangbad_Sangstha_BSS_20230610.json,"Rampal power plant gets supply of 26,620 tonnes of coal | News Flash",2023-06-10,https://www.bssnews.net/news-flash/130304,Bangladesh Sangbad Sangstha (BSS),imports,enables imports,LC opened for coal import,"A letter of credit (LC) has already been opened for importing another 48,000 tonnes of coal, which will soon arrive at Mongla port",0.996,"A letter of credit (LC) has already been opened for importing another 48,000 tonnes of coal, which will soon arrive at Mongla port,",CONFIRMED,"The article contains the sentence 'A letter of credit (LC) has already been opened for importing another 48,000 tonnes of coal, which will soon arrive at Mongla port,' which explicitly links opening the LC to enabling the import of that coal for the plant (company/plant-level scope).",Letter of Credit,enables imports,"48,000 tonnes of coal","(Letter of Credit) ── enables imports ──> (48,000 tonnes of coal)"
64,llm_response_0614_Bangladesh_Sangbad_Sangstha_BSS_20230330.json,Apparel export to EU increases by 35.69pc in 2022 | Business,2023-03-30,https://www.bssnews.net/business/118337,Bangladesh Sangbad Sangstha (BSS),imports,boosts imports,post-COVID purchase surge,The main reason behind this was that the first six months were the post COVID-19 period for which the buyers purchased many RMG items.,0.996,"""The main reason behind this was that the first six months were the post COVID-19 period for which the buyers purchased many RMG items.",CONFIRMED,"The exact sentence appears in the article attributing the strong Jan–Jun export trend to post-COVID buyer purchases, which explicitly states a cause-and-effect link; the statement refers to Bangladesh's exports to the EU, matching the imports feature at the country-to-EU scope.",Post-COVID Purchase Surge,boosts imports,RMG Items,(Post-COVID Purchase Surge) ── boosts imports ──> (RMG Items)
65,llm_response_0614_Bangladesh_Sangbad_Sangstha_BSS_20230330.json,Apparel export to EU increases by 35.69pc in 2022 | Business,2023-03-30,https://www.bssnews.net/business/118337,Bangladesh Sangbad Sangstha (BSS),imports,boosts imports,China lockdown boost,we did well since there was lockdown in China,0.978,"we did well since there was lockdown in China,""",CONFIRMED,"The article contains the quote “we did well since there was lockdown in China,” and in context the BGMEA director explicitly attributes stronger Bangladeshi shipments to the EU market (aggregate import flows) to the China lockdown, matching the claimed causal link and scope.",China lockdown,boosts imports,Bangladesh imports,(China lockdown) ── boosts imports ──> (Bangladesh imports)
66,llm_response_0614_Bangladesh_Sangbad_Sangstha_BSS_20230330.json,Apparel export to EU increases by 35.69pc in 2022 | Business,2023-03-30,https://www.bssnews.net/business/118337,Bangladesh Sangbad Sangstha (BSS),imports,reduces imports,war and inflation shock,the impact of the Russia-Ukraine war was huge while the inflation also increased in the EU market leading to low demand for apparel items,0.996,the impact of the Russia-Ukraine war was huge while the inflation also increased in the EU market leading to low demand for apparel items.,CONFIRMED,"The article contains the sentence stating that the Russia-Ukraine war and rising EU inflation led to low demand for apparel items and 'put an impact on our exports,' which explicitly makes a causal link affecting apparel exports to the EU (i.e., EU apparel imports).",Russia-Ukraine War and EU Inflation,reduces imports,Apparel Items,(Russia-Ukraine War and EU Inflation) ── reduces imports ──> (Apparel Items)
67,llm_response_0628_MSN_International_Edition_20230217.json,Dollar crisis casts a shadow over operation of Rampal coal-fired power plant,2023-02-17,https://www.msn.com/en-xl/asia/bangladesh/dollar-crisis-casts-a-shadow-over-operation-of-rampal-coal-fired-power-plant/ar-AA17z4yx,MSN International Edition,imports,prevents coal imports,LC blocked coal imports,The authorities of the power plant were unable to open any letter of credit (LC) to import coal due to the dollar crisis.,1.0,The authorities of the power plant were unable to open any letter of credit (LC) to import coal due to the dollar crisis.,CONFIRMED,"The exact sentence appears in the article stating authorities ""were unable to open any letter of credit (LC) to import coal due to the dollar crisis,"" which explicitly links LC availability to prevention of coal imports and refers specifically to the Rampal power plant's imports.",Inability to open letters of credit,prevents coal imports,Coal imports,(Inability to open letters of credit) ── prevents coal imports ──> (Coal imports)
68,llm_response_0640_Bangladesh_Sangbad_Sangstha_BSS_20230322.json,Govt on right track to keep macroeconomic stability: Salman | Business,2023-03-22,https://www.bssnews.net/business/116984,Bangladesh Sangbad Sangstha (BSS),imports,reduces imports,central bank controls imports,"the central bank took immediate steps to address the issue, like controlling imports, especially the luxurious items for which the import bills came down at $5 billion in December.",1.0,"the central bank took immediate steps to address the issue, like controlling imports, especially the luxurious items for which the import bills came down at $5 billion in December.",CONFIRMED,"The article contains the quoted sentence linking the central bank's step of 'controlling imports' to import bills 'came down at $5 billion in December,' explicitly indicating a causal relationship at the country (aggregate) level.",Central Bank,reduces imports,Luxurious Items,(Central Bank) ── reduces imports ──> (Luxurious Items)
69,llm_response_0646_MSN_International_Edition_20230114.json,BB set to announce new monetary policy,2023-01-14,https://www.msn.com/en-xl/asia/bangladesh/bb-set-to-announce-new-monetary-policy/ar-AA16jjFB,MSN International Edition,currency_log_return,lowers exchange rate,HPM injection lowers taka,"the central bank is bringing high power money (HPM) in the market, which will have multiple impacts, and the exchange rate of domestic currency (taka) will also fall then",0.997,"the central bank is bringing high power money (HPM) in the market, which will have multiple impacts, and the exchange rate of domestic currency (taka) will also fall then.",CONFIRMED,"The exact sentence appears in the article stating that the central bank 'is bringing high power money (HPM) in the market... and the exchange rate of domestic currency (taka) will also fall then,' which explicitly links HPM injection to a country-level fall in the taka's exchange rate.",HPM injection,lowers exchange rate,Taka exchange rate,(HPM injection) ── lowers exchange rate ──> (Taka exchange rate)
70,llm_response_0654_Bangladesh_Sangbad_Sangstha_BSS_20230607.json,FBCCI president urges govt to extend support to import-substitute industries | Business,2023-06-07,https://www.bssnews.net/business/129745,Bangladesh Sangbad Sangstha (BSS),currency_log_return,does not reduce exchange stress,Bangladesh Bank import cut,the Bangladesh Bank's move only to cut imports is not a solution to reduce stress on the dollar,0.99,"the Bangladesh Bank's move only to cut imports is not a solution to reduce stress on the dollar,""",CONFIRMED,"The exact sentence appears in the article attributing to the FBCCI president that 'the Bangladesh Bank's move only to cut imports is not a solution to reduce stress on the dollar,' which explicitly states a causal judgment (the import-cutting move will not reduce exchange-rate stress) and refers to the national-level 'stress on the dollar.'",Bangladesh Bank import cut,does not reduce exchange stress,Stress on the Dollar,(Bangladesh Bank import cut) ── does not reduce exchange stress ──> (Stress on the Dollar)
71,llm_response_0654_Bangladesh_Sangbad_Sangstha_BSS_20230607.json,FBCCI president urges govt to extend support to import-substitute industries | Business,2023-06-07,https://www.bssnews.net/business/129745,Bangladesh Sangbad Sangstha (BSS),imports,reduces import pressure,call for import-substitution,extend policy support towards import-substitute industries in the country to lessen import pressure on foreign exchange.,1.0,extend policy support towards import-substitute industries in the country to lessen import pressure on foreign exchange.,CONFIRMED,"The article contains the exact sentence urging policy support for 'import-substitute industries in the country to lessen import pressure on foreign exchange,' which explicitly asserts a causal link at the national level between promoting import substitution and reducing import pressure on foreign exchange.",Policy Support for Import-Substitute Industries,reduces import pressure,Foreign Exchange,(Policy Support for Import-Substitute Industries) ── reduces import pressure ──> (Foreign Exchange)
72,llm_response_0664_Poland_Sun_20230516.json,Bangladesh government should think twice before trading in Chinese currency: Report,2023-05-16,https://www.polandsun.com/news/273832902/bangladesh-government-should-think-twice-before-trading-in-chinese-currency-report,Poland Sun,imports,discourages imports,foreign reserves fall,This has compelled the government to discourage unnecessary imports and cut spending,0.994,"This has compelled the government to discourage unnecessary imports and cut spending,",CONFIRMED,"The article contains the sentence ""This has compelled the government to discourage unnecessary imports and cut spending,"" immediately after describing the fall in foreign reserves, so it explicitly links the national-level reserves decline to the government discouraging imports.",Falling Foreign Reserves,discourages imports,Unnecessary Imports,(Falling Foreign Reserves) ── discourages imports ──> (Unnecessary Imports)
73,llm_response_0667_Bangladesh_Sangbad_Sangstha_BSS_20230120.json,Tipu seeks duty free cotton from USA  | Business,2023-01-20,https://www.bssnews.net/business/106297,Bangladesh Sangbad Sangstha (BSS),imports,necessitates imports,low domestic cotton production,"production is about 1.6 percent of the total demand, he added. He said, 'Bangladesh has to import the remaining huge amount of cotton from different countries.'",0.991,"production is about 1.6 percent of the total demand, he added. He said, ""Bangladesh has to import the remaining huge amount of cotton from different countries.",CONFIRMED,"The article contains the quoted lines verbatim and explicitly states that because domestic production is only about 1.6% of demand, ""Bangladesh has to import the remaining huge amount of cotton from different countries,"" which directly links the low national production to the necessity of imports at the country level.",Low Domestic Cotton Production,necessitates imports,Remaining Huge Amount Of Cotton,(Low Domestic Cotton Production) ── necessitates imports ──> (Remaining Huge Amount Of Cotton)
74,llm_response_0674_Bangladesh_Sangbad_Sangstha_BSS_20230304.json,Promoting blast-resistant variety to boost wheat production stressed | Agriculture News,2023-03-04,https://www.bssnews.net/agriculture-news/113729,Bangladesh Sangbad Sangstha (BSS),imports,drives imports,wheat shortfall increases imports,"Around 1,250 lakh tonnes of wheat is produced in Bangladesh while the rest needs to be imported to meet the demand.",1.0,"Around 1,250 lakh tonnes of wheat is produced in Bangladesh while the rest needs to be imported to meet the demand.",CONFIRMED,"The article contains the quoted line exactly and explicitly states that the remainder beyond domestic production ""needs to be imported to meet the demand,"" which directly links a national production shortfall to increased imports at the country level.",Wheat shortfall,drives imports,Wheat imports,(Wheat shortfall) ── drives imports ──> (Wheat imports)
75,llm_response_0685_Bangladesh_Sangbad_Sangstha_BSS_20230121.json,DCCI President urges all to work together in facing changing economic reality | Business,2023-01-21,https://www.bssnews.net/business/106417,Bangladesh Sangbad Sangstha (BSS),imports,facilitates imports,LC margin reduction request,they have already requested the concerned authorities to reduce the LC margin for ensuring smooth import of essential items ahead of the Holy Month of Ramadan.,1.0,they have already requested the concerned authorities to reduce the LC margin for ensuring smooth import of essential items ahead of the Holy Month of Ramadan.,CONFIRMED,"The article contains the quoted sentence nearly verbatim; it explicitly says reducing the LC margin is requested 'for ensuring smooth import of essential items,' which expresses a causal intent; and the context refers to national-level imports ahead of Ramadan, matching the implied scope.",LC margin reduction request,facilitates imports,Import of essential items,(LC margin reduction request) ── facilitates imports ──> (Import of essential items)
76,llm_response_0694_Bangladesh_Sangbad_Sangstha_BSS_20230605.json,Electricity supply will be normal within 2 weeks: Nasrul Hamid | News Flash,2023-06-05,https://www.bssnews.net/news-flash/129302,Bangladesh Sangbad Sangstha (BSS),currency_log_return,hampers fuel imports,dollar exchange rise,"the exchange rate of the dollar rose unabatedly. This has affected the import of fuel such as gas, coal and furnace oil for power generation",0.996,"the exchange rate of the dollar rose unabatedly. This has affected the import of fuel such as gas, coal and furnace oil for power generation,",CONFIRMED,"The article contains the quoted sentence nearly verbatim and explicitly states that the dollar's exchange-rate rise ""has affected the import of fuel such as gas, coal and furnace oil for power generation,"" attributing a causal effect at the country level.",Dollar Exchange Rate,hampers fuel imports,Furnace Oil Imports,(Dollar Exchange Rate) ── hampers fuel imports ──> (Furnace Oil Imports)
77,llm_response_0721_La_Prensa_Latina_Media_20230131.json,IMF approves $4.7 billion loan package for Bangladesh,2023-01-31,https://www.laprensalatina.com/imf-approves-4-7-billion-loan-package-for-bangladesh/,La Prensa Latina Media,currency_log_return,leads to depreciation,Ukraine war interruption,"It has led to a sharp widening of Bangladesh's current account deficit, depreciation of the taka, and a decline in foreign exchange reserves.",1.0,"It has led to a sharp widening of Bangladesh's current account deficit, depreciation of the taka, and a decline in foreign exchange reserves.",CONFIRMED,"The article explicitly states ‘‘It has led to ... depreciation of the taka’’ immediately after noting the interruption caused by Russia's war in Ukraine, directly asserting a causal link at the country (taka) level, which matches the feature's scope.",Ukraine War Interruption,leads to depreciation,Bangladeshi Taka,(Ukraine War Interruption) ── leads to depreciation ──> (Bangladeshi Taka)
78,llm_response_0753_Bangladesh_Sangbad_Sangstha_BSS_20230607.json,FBCCI president urges govt to extend support to import-substitute industries | Business,2023-06-07,https://www.bssnews.net/business/129745,Bangladesh Sangbad Sangstha (BSS),currency_log_return,aims to reduce dollar stress,cutting imports measure,"So, the Bangladesh Bank's move only to cut imports is not a solution to reduce stress on the dollar,",0.99,"""So, the Bangladesh Bank's move only to cut imports is not a solution to reduce stress on the dollar,""",CONFIRMED,"The exact sentence appears in the article: 'So, the Bangladesh Bank's move only to cut imports is not a solution to reduce stress on the dollar,' which explicitly links the import-cutting measure to an intended effect on 'stress on the dollar' (exchange-rate pressure). The discussion concerns the national currency/dollar exchange rate, so the scope matches.",Bangladesh Bank Import Cuts,aims to reduce dollar stress,Stress on the Dollar,(Bangladesh Bank Import Cuts) ── aims to reduce dollar stress ──> (Stress on the Dollar)
79,llm_response_0753_Bangladesh_Sangbad_Sangstha_BSS_20230607.json,FBCCI president urges govt to extend support to import-substitute industries | Business,2023-06-07,https://www.bssnews.net/business/129745,Bangladesh Sangbad Sangstha (BSS),imports,lessens import pressure,support import-substitution,extend policy support towards import-substitute industries in the country to lessen import pressure on foreign exchange.,1.0,extend policy support towards import-substitute industries in the country to lessen import pressure on foreign exchange.,CONFIRMED,"The article directly quotes the FBCCI president urging policy support 'towards import-substitute industries in the country to lessen import pressure on foreign exchange,' which explicitly asserts a causal link (support → lessen import pressure) at the national/import-aggregate level.",Policy Support,lessens import pressure,Import Pressure on Foreign Exchange,(Policy Support) ── lessens import pressure ──> (Import Pressure on Foreign Exchange)
80,llm_response_0755_Bangladesh_Sangbad_Sangstha_BSS_20230321.json,Essential Commodities now available at stable price in Khulna | District,2023-03-21,https://www.bssnews.net/district/116749,Bangladesh Sangbad Sangstha (BSS),imports,enables imports arrivals,Opened LCs bring imports,essential products against LCs opened recently have already come to the market,0.987,"essential products against LCs opened recently have already come to the market,""",CONFIRMED,"The article contains the quoted line ('essential products against LCs opened recently have already come to the market') and elsewhere discusses easing LCs to increase imports; it explicitly links opening LCs to imported goods arriving in the (Khulna) market, and the scope (market/local imports) matches the claim.",Opened LCs,enables imports arrivals,Essential Products,(Opened LCs) ── enables imports arrivals ──> (Essential Products)
81,llm_response_0755_Bangladesh_Sangbad_Sangstha_BSS_20230321.json,Essential Commodities now available at stable price in Khulna | District,2023-03-21,https://www.bssnews.net/district/116749,Bangladesh Sangbad Sangstha (BSS),imports,increases imports,Government increases imports,The Government has taken necessary steps for increasing the imports of consumer goods,1.0,The Government has taken necessary steps for increasing the imports of consumer goods,CONFIRMED,"The article explicitly states ""The Government has taken necessary steps for increasing the imports of consumer goods,"" which asserts government actions aimed at increasing imports (a cause-effect claim), and this is discussed at the national/consumer-goods level matching the feature's scope.",Government,increases imports,Consumer Goods,(Government) ── increases imports ──> (Consumer Goods)
82,llm_response_0764_Bangladesh_Sangbad_Sangstha_BSS_20230618.json,BB announces 'contractionary' MPS with focus on taming inflation  | News Flash,2023-06-18,https://www.bssnews.net/news-flash/131924,Bangladesh Sangbad Sangstha (BSS),currency_log_return,promotes stability,adopt single exchange rate,"BB will no longer quote specific rates for buying or selling foreign exchanges, promoting stability in the foreign exchange market",0.996,"BB will no longer quote specific rates for buying or selling foreign exchanges, promoting stability in the foreign exchange market,",CONFIRMED,"The article contains the sentence 'BB will no longer quote specific rates for buying or selling foreign exchanges, promoting stability in the foreign exchange market,' explicitly linking the move to a unified/market-driven single exchange rate regime with promoting stability in the FX market, which directly pertains to USD/BDT exchange-rate stability (currency_log_return).",Bangladesh Bank,promotes stability,Foreign Exchange Market,(Bangladesh Bank) ── promotes stability ──> (Foreign Exchange Market)
83,llm_response_0784_Daily_Sun_20230115.json,BB unveils 'cautiously accommodative' MPS     | Daily Sun |,2023-01-15,https://www.daily-sun.com/post/668334/BB-unveils-%e2%80%98cautiously-accommodative%e2%80%99-MPS,Daily Sun,currency_log_return,contains exchange rate pressure,cautiously accommodative policy,pursue a cautiously accommodative policy stance to contain inflationary and exchange rate pressures,0.995,"pursue a cautiously accommodative policy stance to contain inflationary and exchange rate pressures,",CONFIRMED,"The article explicitly says BB's programs 'will pursue a cautiously accommodative policy stance to contain ... exchange rate pressures,' which states a clear cause-effect (policy -> containing exchange rate pressures) and refers to national-level (Bangladesh) exchange rate conditions.",Cautiously Accommodative Policy,contains exchange rate pressure,Exchange Rate Pressures,(Cautiously Accommodative Policy) ── contains exchange rate pressure ──> (Exchange Rate Pressures)
84,llm_response_0784_Daily_Sun_20230115.json,BB unveils 'cautiously accommodative' MPS     | Daily Sun |,2023-01-15,https://www.daily-sun.com/post/668334/BB-unveils-%e2%80%98cautiously-accommodative%e2%80%99-MPS,Daily Sun,currency_log_return,reduces exchange rate pressure,dissuade non-essential imports,promote import-substituting economic activities and dissuade imports of non-essential commodities to reduce the exchange rate pressure,0.996,"promote import-substituting economic activities and dissuade imports of non-essential commodities to reduce the exchange rate pressure,",CONFIRMED,"The article contains the sentence stating BB will 'promote import-substituting economic activities and dissuade imports of non-essential commodities to reduce the exchange rate pressure,' which explicitly expresses a causal/intentional link at the national (Bangladesh) level between discouraging non-essential imports and lowering exchange rate pressure.",Dissuading Non-Essential Imports,reduces exchange rate pressure,Exchange Rate Pressure,(Dissuading Non-Essential Imports) ── reduces exchange rate pressure ──> (Exchange Rate Pressure)
85,llm_response_0786_ANN_20230417.json,Where is Bangladesh in the global race towards renewable energy?,2023-04-17,https://asianews.network/where-is-bangladesh-in-the-global-race-towards-renewable-energy/,ANN,currency_log_return,illustrates exchange-rate risk,Taka depreciation risk,the depreciation of Taka against US dollar and price fluctuations in international energy market illustrate the risks of inflation and debt burden,1.0,the depreciation of Taka against US dollar and price fluctuations in international energy market illustrate the risks of inflation and debt burden,CONFIRMED,"The article contains the quoted sentence nearly verbatim stating that the depreciation of the Taka against the US dollar (and price fluctuations) 'illustrate the risks of inflation and debt burden,' which explicitly links the currency depreciation to exchange-rate/import-related risk at the national (Bangladesh) level.",Taka Depreciation,illustrates exchange-rate risk,Inflation and Debt Burden,(Taka Depreciation) ── illustrates exchange-rate risk ──> (Inflation and Debt Burden)
86,llm_response_0786_ANN_20230417.json,Where is Bangladesh in the global race towards renewable energy?,2023-04-17,https://asianews.network/where-is-bangladesh-in-the-global-race-towards-renewable-energy/,ANN,imports,prevents fuel purchases,unable to buy fuel,"we could not supply electricity, as we were unable to buy fuel at a high price",0.994,"we could not supply electricity, as we were unable to buy fuel at a high price.",CONFIRMED,"The article contains the quoted sentence verbatim and directly links Bangladesh's import-dependent energy mix and international price/depreciation shocks to being unable to buy fuel (causal statement). The discussion refers to the national energy sector, so the scope matches country-level imports.",High Fuel Prices,prevents fuel purchases,Electricity Supply,(High Fuel Prices) ── prevents fuel purchases ──> (Electricity Supply)
87,llm_response_0787_Irish_Sun_20230516.json,Bangladesh government should think twice before trading in Chinese currency: Report,2023-05-16,https://www.irishsun.com/news/273832902/bangladesh-government-should-think-twice-before-trading-in-chinese-currency-report,Irish Sun,balance_of_trade,lowers exports,Switch to Yuan,Moving to the Yuan for international trade will hurt Bangladesh's remittances from abroad and lower export revenue as well,0.996,Moving to the Yuan for international trade will hurt Bangladesh's remittances from abroad and lower export revenue as well.,CONFIRMED,"The article contains the exact sentence asserting that moving to the Yuan 'will ... lower export revenue,' which explicitly claims a causal effect on Bangladesh's export revenue at the national level.",Switch to Yuan,lowers exports,Export Revenue,(Switch to Yuan) ── lowers exports ──> (Export Revenue)
88,llm_response_0787_Irish_Sun_20230516.json,Bangladesh government should think twice before trading in Chinese currency: Report,2023-05-16,https://www.irishsun.com/news/273832902/bangladesh-government-should-think-twice-before-trading-in-chinese-currency-report,Irish Sun,currency_log_return,causes depreciation,Russia invaded Ukraine,"Taka, the Bangladeshi currency, has lost nearly 25 per cent of its value against the dollar since Russia invaded Ukraine earlier this year",0.996,"Taka, the Bangladeshi currency, has lost nearly 25 per cent of its value against the dollar since Russia invaded Ukraine earlier this year,",CONFIRMED,"The article contains the sentence 'Taka, the Bangladeshi currency, has lost nearly 25 per cent of its value against the dollar since Russia invaded Ukraine earlier this year, rocking global energy and commodities markets,' which explicitly links the invasion (and its market effects) to the taka's depreciation at the national level.",Russian invasion of Ukraine,causes depreciation,Bangladeshi Taka,(Russian invasion of Ukraine) ── causes depreciation ──> (Bangladeshi Taka)
89,llm_response_0787_Irish_Sun_20230516.json,Bangladesh government should think twice before trading in Chinese currency: Report,2023-05-16,https://www.irishsun.com/news/273832902/bangladesh-government-should-think-twice-before-trading-in-chinese-currency-report,Irish Sun,imports,discourages imports,Foreign reserves fall,This has compelled the government to discourage unnecessary imports and cut spending,0.994,"This has compelled the government to discourage unnecessary imports and cut spending,",CONFIRMED,"The article contains the sentence ""This has compelled the government to discourage unnecessary imports and cut spending..."", explicitly linking the fall in reserves to a government policy to discourage imports, and the action is described at the national/government level.",Falling Foreign Reserves,discourages imports,Unnecessary Imports,(Falling Foreign Reserves) ── discourages imports ──> (Unnecessary Imports)
